-- phpMyAdmin SQL Dump
-- version 4.8.3
-- https://www.phpmyadmin.net/
--
-- Host: 127.0.0.1
-- Generation Time: Jun 15, 2019 at 05:30 PM
-- Server version: 10.1.35-MariaDB
-- PHP Version: 7.2.9

SET SQL_MODE = "NO_AUTO_VALUE_ON_ZERO";
SET AUTOCOMMIT = 0;
START TRANSACTION;
SET time_zone = "+00:00";


/*!40101 SET @OLD_CHARACTER_SET_CLIENT=@@CHARACTER_SET_CLIENT */;
/*!40101 SET @OLD_CHARACTER_SET_RESULTS=@@CHARACTER_SET_RESULTS */;
/*!40101 SET @OLD_COLLATION_CONNECTION=@@COLLATION_CONNECTION */;
/*!40101 SET NAMES utf8mb4 */;

--
-- Database: `eapi`
--

-- --------------------------------------------------------

--
-- Table structure for table `migrations`
--

CREATE TABLE `migrations` (
  `id` int(10) UNSIGNED NOT NULL,
  `migration` varchar(191) COLLATE utf8mb4_unicode_ci NOT NULL,
  `batch` int(11) NOT NULL
) ENGINE=InnoDB DEFAULT CHARSET=utf8mb4 COLLATE=utf8mb4_unicode_ci;

--
-- Dumping data for table `migrations`
--

INSERT INTO `migrations` (`id`, `migration`, `batch`) VALUES
(1, '2014_10_12_000000_create_users_table', 1),
(2, '2014_10_12_100000_create_password_resets_table', 1),
(3, '2019_06_15_133504_create_products_table', 1),
(4, '2019_06_15_133540_create_reviews_table', 1);

-- --------------------------------------------------------

--
-- Table structure for table `password_resets`
--

CREATE TABLE `password_resets` (
  `email` varchar(191) COLLATE utf8mb4_unicode_ci NOT NULL,
  `token` varchar(191) COLLATE utf8mb4_unicode_ci NOT NULL,
  `created_at` timestamp NULL DEFAULT NULL
) ENGINE=InnoDB DEFAULT CHARSET=utf8mb4 COLLATE=utf8mb4_unicode_ci;

-- --------------------------------------------------------

--
-- Table structure for table `products`
--

CREATE TABLE `products` (
  `id` bigint(20) UNSIGNED NOT NULL,
  `name` varchar(191) COLLATE utf8mb4_unicode_ci NOT NULL,
  `detail` text COLLATE utf8mb4_unicode_ci NOT NULL,
  `price` int(11) NOT NULL,
  `stock` int(11) NOT NULL,
  `discount` int(11) NOT NULL,
  `created_at` timestamp NULL DEFAULT NULL,
  `updated_at` timestamp NULL DEFAULT NULL
) ENGINE=InnoDB DEFAULT CHARSET=utf8mb4 COLLATE=utf8mb4_unicode_ci;

--
-- Dumping data for table `products`
--

INSERT INTO `products` (`id`, `name`, `detail`, `price`, `stock`, `discount`, `created_at`, `updated_at`) VALUES
(1, 'corporis', 'Suscipit earum doloribus porro id commodi mollitia delectus. Corrupti porro sit aliquid laborum temporibus. Eum laboriosam officiis non qui rerum. Cumque eos iste dolorum similique libero.', 531, 3, 23, '2019-06-15 09:58:47', '2019-06-15 09:58:47'),
(2, 'esse', 'Nemo dicta odit occaecati dolorem unde. Iure natus voluptatem aliquid. Enim ea suscipit ut saepe perferendis quibusdam doloremque.', 428, 9, 4, '2019-06-15 09:58:47', '2019-06-15 09:58:47'),
(3, 'quo', 'Quis alias ipsum qui enim et voluptatibus repudiandae labore. Sapiente sunt dolores alias suscipit labore. Est tempora itaque magni reprehenderit.', 290, 1, 17, '2019-06-15 09:58:47', '2019-06-15 09:58:47'),
(4, 'autem', 'Corporis veritatis sit aspernatur nesciunt voluptate expedita. Quis odit velit enim natus sit repudiandae dicta. Corporis sit adipisci dolor voluptatibus aut vitae suscipit. Praesentium saepe magni sed porro.', 962, 6, 29, '2019-06-15 09:58:47', '2019-06-15 09:58:47'),
(5, 'qui', 'Ea nihil non fugiat rem perferendis dicta recusandae. Repellendus laborum quas architecto. Qui minus veritatis sapiente omnis esse consequatur. Quo hic atque dolore fuga.', 479, 9, 6, '2019-06-15 09:58:47', '2019-06-15 09:58:47'),
(6, 'asperiores', 'Sed dignissimos fugit omnis fuga. Itaque voluptatem dolorum optio enim non unde vel sint. Ut facilis maxime ut et. Nemo voluptatum laboriosam beatae et corporis nulla consequatur.', 253, 1, 16, '2019-06-15 09:58:47', '2019-06-15 09:58:47'),
(7, 'quaerat', 'Autem id id deserunt esse rerum id. Repellendus quia sed qui voluptatem. Totam praesentium qui aspernatur porro beatae ullam.', 585, 6, 28, '2019-06-15 09:58:47', '2019-06-15 09:58:47'),
(8, 'et', 'Quia eum id reprehenderit in esse assumenda. Ipsum occaecati qui sit fugiat. Et enim debitis excepturi mollitia sapiente cumque.', 579, 7, 23, '2019-06-15 09:58:47', '2019-06-15 09:58:47'),
(9, 'hic', 'Odio et harum omnis eveniet beatae iure quibusdam. Tenetur laborum ipsum quos. Cupiditate expedita quo quia consectetur.', 435, 6, 12, '2019-06-15 09:58:47', '2019-06-15 09:58:47'),
(10, 'blanditiis', 'Fuga cumque atque eius. Fugit eos est et vitae dolorem saepe. Eius porro et non dolor qui aspernatur. Rerum sint quia laudantium cumque ad eligendi.', 736, 4, 23, '2019-06-15 09:58:47', '2019-06-15 09:58:47'),
(11, 'atque', 'Ipsam quia atque inventore explicabo vero ipsam. Velit voluptatem delectus ut enim est.', 798, 3, 27, '2019-06-15 09:58:47', '2019-06-15 09:58:47'),
(12, 'deserunt', 'Minima minima rerum at. Commodi harum dolorum sapiente eveniet et. Fugiat dicta impedit similique rerum atque est. Eligendi ea dicta aut ex voluptatem.', 446, 5, 7, '2019-06-15 09:58:47', '2019-06-15 09:58:47'),
(13, 'laborum', 'Ab et voluptas commodi voluptas soluta consectetur voluptatibus reprehenderit. Quis tenetur sint nisi consectetur illo ipsam doloribus. Sed pariatur accusantium omnis perferendis nobis ab reprehenderit. Enim ut sit voluptatem exercitationem fuga excepturi exercitationem voluptas.', 836, 1, 3, '2019-06-15 09:58:47', '2019-06-15 09:58:47'),
(14, 'quae', 'Esse quos debitis totam quas quasi. Temporibus perspiciatis repudiandae quas quibusdam tempore velit. Eveniet est ex voluptatem laboriosam.', 818, 7, 25, '2019-06-15 09:58:47', '2019-06-15 09:58:47'),
(15, 'libero', 'Alias non mollitia ut. Dolore autem aperiam ullam est quos est voluptas.', 757, 2, 15, '2019-06-15 09:58:47', '2019-06-15 09:58:47'),
(16, 'quis', 'Consequuntur ut ipsum debitis modi dolor qui. Neque perferendis officiis et ut. Odit asperiores similique totam consequatur velit dignissimos quasi quia. Totam non dolorum quia autem.', 895, 2, 16, '2019-06-15 09:58:47', '2019-06-15 09:58:47'),
(17, 'quia', 'Cumque eveniet et aperiam odit. Qui aut quam doloribus voluptatibus enim qui. Vero dolores et necessitatibus velit omnis. Illo reprehenderit non velit facilis minus saepe natus.', 224, 1, 5, '2019-06-15 09:58:47', '2019-06-15 09:58:47'),
(18, 'eos', 'Omnis qui magni et magnam exercitationem eos. Error id et ipsum assumenda. Libero ea consequatur itaque porro voluptatem. Et aut quis aliquam.', 767, 8, 9, '2019-06-15 09:58:47', '2019-06-15 09:58:47'),
(19, 'qui', 'Harum est dolores magni magni est voluptatem nulla. Tempore aperiam omnis recusandae nostrum placeat voluptate sunt. Non fuga aut quisquam et eveniet. Libero quo saepe ut mollitia dolor.', 607, 5, 22, '2019-06-15 09:58:47', '2019-06-15 09:58:47'),
(20, 'dolorum', 'Excepturi ut nisi distinctio alias enim sed. Eos sint impedit consequatur architecto similique. In fuga tempora dolor animi autem quia deserunt.', 855, 4, 2, '2019-06-15 09:58:47', '2019-06-15 09:58:47'),
(21, 'voluptatem', 'Voluptatem tenetur autem mollitia quia ea illum. Tenetur nisi consequatur amet ut aut et. Totam labore qui consequatur libero excepturi soluta. Minima voluptas debitis adipisci.', 471, 4, 29, '2019-06-15 09:58:47', '2019-06-15 09:58:47'),
(22, 'id', 'Earum aut ut fuga. Ut ratione occaecati quam. Expedita harum error et aliquid molestias molestias eos consequuntur.', 856, 4, 21, '2019-06-15 09:58:47', '2019-06-15 09:58:47'),
(23, 'ut', 'Est quis repellendus ut ipsum. Dolore sit repellat totam maiores perspiciatis dignissimos. Nihil nisi repellat ut numquam assumenda similique alias.', 891, 4, 5, '2019-06-15 09:58:47', '2019-06-15 09:58:47'),
(24, 'ex', 'Neque suscipit similique dolorem ea. Facere quasi id magni et. Dolores quia occaecati quod nam in ratione impedit voluptates.', 797, 1, 16, '2019-06-15 09:58:47', '2019-06-15 09:58:47'),
(25, 'voluptatem', 'Consequatur iste itaque officia maiores inventore. Qui iure consequuntur accusamus quaerat. Error numquam enim explicabo est iure consequatur magni similique. Enim odit quibusdam corporis ipsam sunt nobis similique.', 509, 9, 7, '2019-06-15 09:58:47', '2019-06-15 09:58:47'),
(26, 'error', 'Ut et qui non eligendi. Minima aspernatur ducimus blanditiis quo optio perspiciatis. Cum nulla vitae doloremque nobis quam magni. Atque mollitia quasi eveniet illo odit ipsum.', 448, 6, 15, '2019-06-15 09:58:47', '2019-06-15 09:58:47'),
(27, 'est', 'Quia maiores saepe non ullam. Consequatur repellendus ea corporis provident illo exercitationem odit. Quia fugiat magni aut. Eum tempore accusamus porro cum quidem et ipsam ducimus.', 835, 7, 12, '2019-06-15 09:58:47', '2019-06-15 09:58:47'),
(28, 'incidunt', 'Error dolor fugiat ex cupiditate vitae rerum nemo. Nemo mollitia ut ratione et. Vero minus consequatur sed sunt quas. Laboriosam laudantium voluptates omnis veniam cumque doloribus.', 492, 5, 15, '2019-06-15 09:58:47', '2019-06-15 09:58:47'),
(29, 'iure', 'Magnam quas alias vel assumenda maiores ullam. Magnam facere ut aliquam et quo repellat tempore.', 178, 9, 12, '2019-06-15 09:58:47', '2019-06-15 09:58:47'),
(30, 'maxime', 'Omnis natus atque eveniet ex quos natus. Et in rerum quo explicabo dicta et non. Sit consequatur fuga vero soluta doloremque ex cumque.', 362, 4, 11, '2019-06-15 09:58:47', '2019-06-15 09:58:47'),
(31, 'non', 'Doloremque vitae commodi est eos doloribus aut. Veritatis architecto velit incidunt nobis eveniet. Voluptatem qui eos nihil aut est omnis tempore.', 535, 0, 15, '2019-06-15 09:58:47', '2019-06-15 09:58:47'),
(32, 'omnis', 'Quia voluptate facilis sit facilis est ipsum. Qui maxime amet fugit sint nobis qui voluptas. Dignissimos aut quasi consequatur eos quos fugiat molestiae mollitia.', 744, 4, 14, '2019-06-15 09:58:47', '2019-06-15 09:58:47'),
(33, 'commodi', 'Illum repellendus beatae perferendis voluptatem eveniet. In quia consectetur autem nemo esse. Aut ut vel qui reprehenderit. Molestiae id cum non excepturi nisi. Vitae deleniti eum suscipit.', 110, 6, 16, '2019-06-15 09:58:48', '2019-06-15 09:58:48'),
(34, 'ex', 'Est sint eum sapiente error cum et officiis. Sunt beatae nobis ad repudiandae accusantium. Qui modi dolores quos et optio. Quia nesciunt voluptates cupiditate nihil eos.', 751, 3, 14, '2019-06-15 09:58:48', '2019-06-15 09:58:48'),
(35, 'aperiam', 'Id in totam enim sed. Similique eos eveniet ut. Quidem aut placeat id magnam dolor. Saepe id quod aliquid et natus incidunt.', 123, 3, 4, '2019-06-15 09:58:48', '2019-06-15 09:58:48'),
(36, 'ex', 'Voluptatum odit vel voluptatum. Quo in ut voluptas in dolore unde ut. Nostrum molestias optio quam sequi nostrum.', 790, 0, 29, '2019-06-15 09:58:48', '2019-06-15 09:58:48'),
(37, 'quisquam', 'Ratione aliquam minus aut harum id est possimus. Quae sequi quasi et nostrum. Blanditiis officia natus minus molestias aut voluptas et corporis.', 660, 1, 12, '2019-06-15 09:58:48', '2019-06-15 09:58:48'),
(38, 'dolore', 'Sint ipsam saepe sit ad sunt dolorum. Odit aut possimus ex alias alias. Ex dolorem quaerat culpa ut qui error. Quisquam qui ullam officia.', 912, 8, 21, '2019-06-15 09:58:48', '2019-06-15 09:58:48'),
(39, 'exercitationem', 'Accusantium corrupti fugiat voluptates qui. Ea odio qui et nesciunt numquam possimus id est. Quisquam nobis voluptatem autem ex quis cum omnis.', 681, 9, 3, '2019-06-15 09:58:48', '2019-06-15 09:58:48'),
(40, 'omnis', 'Consequatur doloremque illum itaque optio officia minus tempore. Error mollitia consequatur ea voluptas facere. Quia odio aut eveniet tempore quia.', 655, 0, 30, '2019-06-15 09:58:48', '2019-06-15 09:58:48'),
(41, 'rerum', 'Earum at ex doloremque nemo itaque. Corrupti expedita ipsum enim quia repellendus fuga non. Natus ut illo autem consequuntur. Hic delectus qui rerum omnis aperiam repudiandae sint velit.', 861, 1, 9, '2019-06-15 09:58:48', '2019-06-15 09:58:48'),
(42, 'animi', 'Eius molestias est in vero veritatis et possimus. Sed expedita aliquid cumque aut fuga inventore eum. Eaque omnis ducimus repellat id doloremque. Ea distinctio autem et repudiandae ut odit.', 683, 1, 25, '2019-06-15 09:58:48', '2019-06-15 09:58:48'),
(43, 'similique', 'Sunt quia dolorem qui. Modi quo soluta excepturi aut et molestiae at. Cum nihil qui hic magni quas in nam.', 881, 4, 26, '2019-06-15 09:58:48', '2019-06-15 09:58:48'),
(44, 'incidunt', 'Vel repellendus sit incidunt ea. Error maxime dolore dolorem eum sunt aut. Consequuntur sunt quis ut dolor soluta consequatur. Ducimus dolorum nemo aut consequuntur.', 441, 2, 13, '2019-06-15 09:58:48', '2019-06-15 09:58:48'),
(45, 'sunt', 'Sunt dolore velit sunt dignissimos hic et. Molestias aliquam tempore quidem nesciunt. Cupiditate repudiandae necessitatibus voluptatibus aut ea.', 863, 8, 4, '2019-06-15 09:58:48', '2019-06-15 09:58:48'),
(46, 'libero', 'Nam sunt qui aliquam iusto rerum. Et possimus numquam quidem officia. Neque nisi vitae sunt mollitia adipisci. Ipsam est omnis suscipit iure.', 677, 2, 17, '2019-06-15 09:58:48', '2019-06-15 09:58:48'),
(47, 'repellat', 'Ratione quis voluptatem autem. Natus corrupti facere enim fuga. Nisi qui cum dicta ipsa quia.', 120, 4, 19, '2019-06-15 09:58:48', '2019-06-15 09:58:48'),
(48, 'fugit', 'Impedit accusantium doloremque fugiat natus labore facere ab voluptate. Excepturi nesciunt minus dicta quia. Dicta odit non iure repudiandae enim.', 593, 4, 23, '2019-06-15 09:58:48', '2019-06-15 09:58:48'),
(49, 'iure', 'Veritatis illo numquam illo hic minus qui repellat ad. Ducimus quis soluta deserunt sit consequatur aut et. Eum officiis quo ipsam aliquam.', 241, 6, 7, '2019-06-15 09:58:48', '2019-06-15 09:58:48'),
(50, 'dolorem', 'Amet fuga odit quis quos ea est numquam. Ipsam rerum saepe alias et dolorum dicta.', 923, 7, 10, '2019-06-15 09:58:48', '2019-06-15 09:58:48');

-- --------------------------------------------------------

--
-- Table structure for table `reviews`
--

CREATE TABLE `reviews` (
  `id` bigint(20) UNSIGNED NOT NULL,
  `product_id` bigint(20) UNSIGNED NOT NULL,
  `customer` varchar(191) COLLATE utf8mb4_unicode_ci NOT NULL,
  `review` text COLLATE utf8mb4_unicode_ci NOT NULL,
  `star` int(11) NOT NULL,
  `created_at` timestamp NULL DEFAULT NULL,
  `updated_at` timestamp NULL DEFAULT NULL
) ENGINE=InnoDB DEFAULT CHARSET=utf8mb4 COLLATE=utf8mb4_unicode_ci;

--
-- Dumping data for table `reviews`
--

INSERT INTO `reviews` (`id`, `product_id`, `customer`, `review`, `star`, `created_at`, `updated_at`) VALUES
(1, 1, 'Alexandre Bartell', 'Debitis atque sint ut eaque ducimus rerum. Assumenda nihil consequuntur in quidem. Facilis quis voluptatem velit est odit unde reiciendis ad.', 3, '2019-06-15 09:58:48', '2019-06-15 09:58:48'),
(2, 43, 'Mrs. Kattie Kassulke IV', 'Dolor iste consequatur tenetur quo. Qui sunt sit fugit error dolores quod. Id et expedita rerum autem. Voluptatem omnis cumque vitae voluptatibus et.', 4, '2019-06-15 09:58:48', '2019-06-15 09:58:48'),
(3, 9, 'Miss Aleen Haley', 'Consequatur rerum et perspiciatis voluptatibus dolorem vel. Officia facilis praesentium et accusamus similique quam distinctio. Architecto ducimus enim nihil dolore autem consequatur incidunt. Soluta illo consequatur nulla. Magni nulla ipsa facere velit quia.', 2, '2019-06-15 09:58:48', '2019-06-15 09:58:48'),
(4, 11, 'Garry Bergstrom', 'Sint sequi fuga dolores quam. Autem quia eum numquam magnam. Vero labore est consectetur maiores et accusamus temporibus.', 2, '2019-06-15 09:58:48', '2019-06-15 09:58:48'),
(5, 49, 'Jay O\'Reilly', 'Rerum voluptas ullam accusamus aut. Fugiat veritatis qui fugit soluta. Ducimus odit sed quam neque. Dolore mollitia fuga fugiat velit eum quo aut nesciunt. Similique pariatur a magnam rerum.', 1, '2019-06-15 09:58:48', '2019-06-15 09:58:48'),
(6, 13, 'Lucile Renner', 'Nobis facilis est accusantium. Qui quas pariatur quos autem at velit. Consequatur distinctio ut quae quis. Accusantium in eligendi molestias.', 5, '2019-06-15 09:58:48', '2019-06-15 09:58:48'),
(7, 34, 'Laurel Sporer', 'Saepe consequatur enim sed quasi rerum et quia. Voluptas architecto enim ducimus quisquam.', 2, '2019-06-15 09:58:48', '2019-06-15 09:58:48'),
(8, 10, 'Kaleigh Stokes', 'Aut inventore hic architecto aut voluptates inventore officiis. Et distinctio rem officia in numquam eos sed. Doloremque fuga est perferendis soluta ea aut voluptatum.', 4, '2019-06-15 09:58:48', '2019-06-15 09:58:48'),
(9, 13, 'Jade Nikolaus', 'Vero doloremque dolores porro suscipit qui fuga aut culpa. Distinctio ducimus optio distinctio suscipit aut quam quia. Quod eos eius commodi est. Perferendis est eos et dolor enim.', 0, '2019-06-15 09:58:48', '2019-06-15 09:58:48'),
(10, 47, 'Mr. Kory Hane', 'Velit non est facere repellendus aspernatur. Quos quam repellat magni esse. Id maiores distinctio iusto aut sit dignissimos.', 2, '2019-06-15 09:58:48', '2019-06-15 09:58:48'),
(11, 14, 'Eliseo Stamm', 'Ex iste aperiam et odit libero explicabo quia. Inventore quis iure ut accusamus. Ut odit error fugit accusantium omnis repellendus ipsum. Ipsum deserunt deleniti provident aperiam molestiae amet modi.', 3, '2019-06-15 09:58:48', '2019-06-15 09:58:48'),
(12, 23, 'Mara Raynor', 'Ea maiores quibusdam ipsum saepe ut. Consequatur atque magni dolore quis aspernatur quia. Dolores beatae voluptatem velit vel aut. Enim tempora dolores corporis.', 3, '2019-06-15 09:58:48', '2019-06-15 09:58:48'),
(13, 2, 'Vaughn Farrell', 'Ratione et eaque aliquam est porro dolor eum. Et saepe nihil cum perferendis. Velit dolores maxime animi voluptatem sit. Illo modi dolor quia voluptas. Voluptatem labore facilis praesentium iste dolor.', 2, '2019-06-15 09:58:48', '2019-06-15 09:58:48'),
(14, 23, 'Fernando Lang', 'Quo ea aut quod est nemo. Maxime ut optio id sapiente et rerum. Nisi delectus vel eligendi adipisci sit quo. Magni et illum odit molestiae numquam voluptas libero.', 4, '2019-06-15 09:58:48', '2019-06-15 09:58:48'),
(15, 6, 'Dino Rau', 'Repellendus repellendus commodi blanditiis ut. Architecto qui autem molestias vero quas nemo et ducimus. Totam ut ipsa et.', 5, '2019-06-15 09:58:48', '2019-06-15 09:58:48'),
(16, 47, 'Prof. Brandyn Denesik', 'Sit aliquam culpa dolorum eos earum aut culpa. Dolorem soluta officiis dolores numquam consequatur. Neque odit qui ut distinctio voluptatem nulla sint quod. Odio qui esse consequatur.', 4, '2019-06-15 09:58:48', '2019-06-15 09:58:48'),
(17, 10, 'Mr. Declan Gleichner', 'Ea et sit et deserunt ipsam. Est architecto et molestiae. Ab debitis eius nulla doloremque ratione ex delectus.', 4, '2019-06-15 09:58:48', '2019-06-15 09:58:48'),
(18, 24, 'Prof. Newell Reichert', 'Dignissimos itaque quia qui aliquam saepe. Et debitis voluptate quam et sed perferendis aspernatur.', 4, '2019-06-15 09:58:48', '2019-06-15 09:58:48'),
(19, 22, 'Izabella Cummerata I', 'Eum et est aspernatur sapiente et nemo. Adipisci quas aut dolorem aliquam non illum. Et sed aut ullam aut qui. Sunt voluptas quia voluptatem non.', 2, '2019-06-15 09:58:48', '2019-06-15 09:58:48'),
(20, 27, 'Jessy Rolfson', 'Harum non pariatur quidem dolorem. Odio totam eligendi ut adipisci. Iusto ratione quas tempora temporibus illum vel at possimus. Praesentium adipisci ipsa voluptatem ducimus vero blanditiis.', 5, '2019-06-15 09:58:48', '2019-06-15 09:58:48'),
(21, 1, 'Braden Kunze', 'Pariatur harum rerum deleniti esse quis atque. Omnis aliquid sunt delectus eius perferendis minus sit occaecati.', 3, '2019-06-15 09:58:48', '2019-06-15 09:58:48'),
(22, 18, 'Mrs. Vilma Wilderman PhD', 'Accusantium totam ullam impedit ad. Labore occaecati impedit veritatis aperiam sed exercitationem molestiae dolore. Esse nulla optio at praesentium officiis aut. A dignissimos unde ea est. Molestiae consequuntur magnam non.', 3, '2019-06-15 09:58:48', '2019-06-15 09:58:48'),
(23, 7, 'Christiana Medhurst V', 'Nisi facilis accusamus quasi voluptatem sint laboriosam dolorum. Quia ipsam neque minima voluptas aut sit. Aut in blanditiis ducimus in. Aut libero aliquid ducimus laborum sit esse. Non soluta quasi aut et quas consequatur totam velit.', 0, '2019-06-15 09:58:48', '2019-06-15 09:58:48'),
(24, 12, 'Milan Bauch DVM', 'Eos quasi nihil quod modi impedit qui praesentium. Laudantium occaecati et amet esse pariatur iure eos. Inventore suscipit repudiandae numquam quia vero sit.', 1, '2019-06-15 09:58:48', '2019-06-15 09:58:48'),
(25, 8, 'Santina Vandervort', 'Optio illo voluptates aut sit similique minima. Occaecati alias culpa nulla nisi qui. Culpa excepturi est molestiae aut quibusdam.', 5, '2019-06-15 09:58:48', '2019-06-15 09:58:48'),
(26, 40, 'Kristoffer Mann', 'Temporibus molestias sit qui maiores. Autem odio voluptatem iusto vero non aut. Aliquam accusamus officiis soluta est laudantium nisi modi.', 3, '2019-06-15 09:58:48', '2019-06-15 09:58:48'),
(27, 31, 'Olga Ruecker', 'Inventore corporis tempora amet aliquam. Nihil quasi deleniti cupiditate facilis consequatur. Maiores corrupti minus amet.', 5, '2019-06-15 09:58:48', '2019-06-15 09:58:48'),
(28, 29, 'Ivy Glover', 'Optio ea modi consequatur soluta molestiae. Ut accusantium quisquam vel. Expedita odio est non enim perferendis porro praesentium aperiam. Voluptate qui et tenetur. Architecto molestias sit numquam consequatur.', 0, '2019-06-15 09:58:48', '2019-06-15 09:58:48'),
(29, 38, 'Breanna Farrell', 'Perspiciatis amet suscipit veritatis vel est optio qui numquam. Laborum est quaerat accusamus autem. Ab velit deserunt doloribus eveniet quibusdam quos aut.', 3, '2019-06-15 09:58:48', '2019-06-15 09:58:48'),
(30, 26, 'Dr. Haleigh Johnston', 'Quis quaerat hic ipsum molestiae officia atque. Voluptate repellat eligendi explicabo natus vel nam quidem. Velit consequatur et debitis rerum nobis.', 5, '2019-06-15 09:58:48', '2019-06-15 09:58:48'),
(31, 1, 'Alysson Welch', 'Eius sint iste quaerat ab quas voluptatem. Et explicabo exercitationem est quia illum voluptatem. Veniam dolore nam fugiat perspiciatis quis voluptatibus non.', 1, '2019-06-15 09:58:48', '2019-06-15 09:58:48'),
(32, 22, 'Dr. Modesto Bernhard Sr.', 'Sunt rem optio tempore aspernatur dolorem. Sed est et illum possimus aliquid. Alias minima dolores aut aliquam et delectus.', 0, '2019-06-15 09:58:48', '2019-06-15 09:58:48'),
(33, 42, 'Dereck Hessel', 'Exercitationem laboriosam provident unde et. Ut expedita molestias tempore et laboriosam. Dolorum nulla qui excepturi modi sit voluptatibus ipsa.', 4, '2019-06-15 09:58:48', '2019-06-15 09:58:48'),
(34, 3, 'Kay Rolfson', 'Molestiae rem beatae dicta nihil unde. Veniam omnis fuga sint eum exercitationem. Sit ut qui autem in praesentium itaque.', 1, '2019-06-15 09:58:48', '2019-06-15 09:58:48'),
(35, 38, 'Greta Reilly', 'Delectus omnis qui sunt corporis aut rem. Distinctio rerum velit voluptate. Accusamus consequuntur minus illo quam. Temporibus quia fugiat corrupti ullam dignissimos at animi.', 1, '2019-06-15 09:58:48', '2019-06-15 09:58:48'),
(36, 4, 'Erna Corkery', 'Ex ea iste ut hic. Aut libero numquam sunt reprehenderit quis sit. Sint officia aperiam nihil neque.', 4, '2019-06-15 09:58:48', '2019-06-15 09:58:48'),
(37, 21, 'Ms. Fae Kunde Jr.', 'Veniam libero qui eos sint voluptatem magni quia. Ut dolore id et non deserunt. Rerum et consectetur aut aut aspernatur consequuntur ipsum. Accusantium voluptates ullam architecto dolor tempore ut.', 1, '2019-06-15 09:58:48', '2019-06-15 09:58:48'),
(38, 25, 'Karine Schulist', 'Ea deleniti ea deserunt omnis sit architecto dolorem. Doloremque in voluptate quia veniam dolores. Ratione rerum molestiae autem quasi excepturi.', 4, '2019-06-15 09:58:48', '2019-06-15 09:58:48'),
(39, 30, 'Dr. Jon Koch DDS', 'Distinctio suscipit quasi omnis mollitia in. Itaque eos voluptas perspiciatis ut consequatur.', 2, '2019-06-15 09:58:48', '2019-06-15 09:58:48'),
(40, 48, 'Abdiel Schumm', 'Magni est reprehenderit quia officiis omnis sed. Accusantium dolor rerum dolorem odit explicabo nulla. Expedita consequatur cumque provident voluptas saepe. Amet sequi magnam praesentium molestiae totam voluptatem. Rerum consequatur praesentium eos asperiores eos aut quia.', 5, '2019-06-15 09:58:48', '2019-06-15 09:58:48'),
(41, 1, 'Joy Buckridge', 'Rerum non eaque deserunt est itaque. Vitae nam voluptatibus reiciendis accusantium ut dolores unde. Temporibus suscipit autem ut. Cupiditate beatae et ut sed excepturi recusandae. Earum minus veniam inventore incidunt eum numquam.', 2, '2019-06-15 09:58:48', '2019-06-15 09:58:48'),
(42, 38, 'Mireille Mann', 'Sint rem eaque sapiente temporibus. Sapiente suscipit quidem iure.', 0, '2019-06-15 09:58:48', '2019-06-15 09:58:48'),
(43, 20, 'Santino Doyle', 'Consequatur ullam modi voluptatem eos qui et. Nihil nihil ab adipisci dolor aut voluptate. Corporis earum possimus est necessitatibus.', 4, '2019-06-15 09:58:48', '2019-06-15 09:58:48'),
(44, 19, 'Laurie Sauer', 'Similique iste minus quia id suscipit eius. Assumenda dolorum autem quibusdam repellat accusantium. Amet voluptate et quae impedit ab aut. Reiciendis qui et laboriosam eius excepturi ea.', 3, '2019-06-15 09:58:48', '2019-06-15 09:58:48'),
(45, 22, 'Juana Lind PhD', 'Autem culpa sequi delectus qui consequatur. Culpa qui possimus sed qui. Blanditiis molestias officiis ea.', 2, '2019-06-15 09:58:48', '2019-06-15 09:58:48'),
(46, 29, 'Doris Abbott', 'Occaecati ipsam deleniti architecto facere voluptatem ullam fuga. Saepe et fugit esse dolor eius. Occaecati ipsam atque commodi. Sit aut in repellendus culpa quam blanditiis dolorum.', 2, '2019-06-15 09:58:48', '2019-06-15 09:58:48'),
(47, 47, 'Prof. Ali Schmeler IV', 'Amet tempore asperiores doloribus labore. Odio ducimus recusandae aut ut atque maxime. Magni reiciendis voluptatibus architecto dolorum reprehenderit atque.', 2, '2019-06-15 09:58:48', '2019-06-15 09:58:48'),
(48, 14, 'Dr. Solon Herman Jr.', 'Laborum itaque inventore nihil corporis autem. Debitis sed sed inventore mollitia blanditiis.', 2, '2019-06-15 09:58:48', '2019-06-15 09:58:48'),
(49, 43, 'Ernesto Lakin I', 'Repellat magnam dolore delectus nihil nemo. Molestias eius aut corrupti ipsam et. Suscipit similique tempore occaecati.', 5, '2019-06-15 09:58:48', '2019-06-15 09:58:48'),
(50, 12, 'Allen Cummerata PhD', 'Excepturi distinctio non quisquam reiciendis distinctio. Id amet aut eaque. Quis quis minus eos porro. Animi provident dignissimos accusantium perferendis.', 1, '2019-06-15 09:58:48', '2019-06-15 09:58:48'),
(51, 17, 'Lesley Klocko DDS', 'Ea in ex porro aliquid iste sit explicabo. Rem dolor assumenda reiciendis aliquid autem nulla. Modi et sunt laboriosam possimus aliquid qui veritatis. Alias quis quia dolorum impedit quo quia eligendi.', 2, '2019-06-15 09:58:48', '2019-06-15 09:58:48'),
(52, 35, 'Prof. Destinee Rosenbaum IV', 'Quis omnis cumque sed sequi. Eos nulla assumenda possimus mollitia maxime. Praesentium sed quas earum non. Ut quasi ea earum quasi. Itaque voluptas ut soluta excepturi sit.', 5, '2019-06-15 09:58:48', '2019-06-15 09:58:48'),
(53, 15, 'Mitchell Watsica', 'Voluptatem doloremque quia praesentium nesciunt. Sunt voluptates laboriosam enim ut debitis non consectetur. Et debitis dolorum voluptatem dignissimos quo non. Est consectetur sunt at sapiente illum fugiat ea.', 4, '2019-06-15 09:58:48', '2019-06-15 09:58:48'),
(54, 39, 'Marc Thiel', 'Architecto libero suscipit qui vel. Qui repudiandae harum aut molestiae rem. Consequatur fugit voluptatum et consequatur qui quam. Magni molestiae neque et maxime. Harum veniam voluptatem sint aut.', 4, '2019-06-15 09:58:48', '2019-06-15 09:58:48'),
(55, 5, 'Nella Tillman', 'Libero quo perspiciatis suscipit quisquam necessitatibus. Dignissimos error quae rerum corporis. Numquam aut eos quia sunt voluptatem nostrum ut. Aut quasi tempore aut non omnis eius magni.', 3, '2019-06-15 09:58:48', '2019-06-15 09:58:48'),
(56, 39, 'Dr. Barbara Wehner MD', 'Dolore ut quidem soluta vel ipsam quae reprehenderit. Iste a earum aut voluptas dolorem consequatur ex. Aperiam ad ut quia voluptatem eveniet rerum. Sequi omnis tempora reiciendis et. At beatae id quasi aut.', 1, '2019-06-15 09:58:48', '2019-06-15 09:58:48'),
(57, 49, 'Prof. Sydney Hilpert', 'At quia est soluta sapiente. Est et officiis labore sit nam ut odit. Distinctio animi illum exercitationem porro.', 2, '2019-06-15 09:58:48', '2019-06-15 09:58:48'),
(58, 5, 'Miss Margarita Donnelly III', 'Et quia iure et. Itaque commodi cupiditate veritatis. Dolorem itaque ut blanditiis vero facere quod qui.', 5, '2019-06-15 09:58:48', '2019-06-15 09:58:48'),
(59, 24, 'Henry Murphy DDS', 'Aut incidunt molestiae tenetur distinctio quas cupiditate unde. Aliquam dolorem asperiores officia adipisci. Sint ad aliquid suscipit delectus.', 4, '2019-06-15 09:58:48', '2019-06-15 09:58:48'),
(60, 37, 'Mr. Darrion Willms', 'Necessitatibus et et ullam iusto similique. Illum sed dignissimos qui inventore. Accusamus similique dignissimos omnis voluptatem nesciunt officiis. Repudiandae in odio fuga ut.', 4, '2019-06-15 09:58:48', '2019-06-15 09:58:48'),
(61, 38, 'Ms. Eileen Feil', 'Assumenda non qui perferendis et vel. Aut consequatur ex aliquid praesentium et. Est animi consequatur et qui repudiandae pariatur ea. Nihil dolorem magni repudiandae nostrum cupiditate placeat itaque.', 4, '2019-06-15 09:58:48', '2019-06-15 09:58:48'),
(62, 41, 'Fay Hickle', 'Nemo dolor soluta sapiente voluptates voluptate qui harum quos. Non placeat vel quidem qui nemo odio occaecati. Nihil non exercitationem voluptas modi omnis ut doloremque. Fugiat tenetur qui error repellat reiciendis.', 4, '2019-06-15 09:58:48', '2019-06-15 09:58:48'),
(63, 24, 'Emilio Toy', 'Sunt perferendis officia officiis voluptatem est fuga et. Quae neque quibusdam nesciunt autem nostrum delectus qui expedita.', 2, '2019-06-15 09:58:48', '2019-06-15 09:58:48'),
(64, 1, 'Ms. Birdie Mayer MD', 'Veritatis quia impedit assumenda possimus sunt rerum. Qui sunt est iure quibusdam illo ipsam. Esse qui sint eaque impedit illum. Aperiam velit assumenda quisquam quia quibusdam dolore ut illum.', 2, '2019-06-15 09:58:48', '2019-06-15 09:58:48'),
(65, 44, 'Ethan Rau DVM', 'Nihil ullam quae quis minima eveniet quas eveniet. Aspernatur cupiditate qui illum error provident debitis. Delectus et numquam voluptatum quia repellat non temporibus. Aliquam reiciendis vel sit.', 3, '2019-06-15 09:58:48', '2019-06-15 09:58:48'),
(66, 6, 'Eladio Schulist', 'Laborum delectus qui ut quidem sit laudantium. Ut voluptatem id est id. Porro illo et placeat quo. Consequuntur aut voluptatem ut earum ut.', 0, '2019-06-15 09:58:48', '2019-06-15 09:58:48'),
(67, 10, 'Emerald Pollich', 'Amet eligendi maiores excepturi quidem vitae vel aspernatur ut. Explicabo sapiente enim quos sapiente. Illo sed incidunt aperiam repudiandae. Nisi fugit est dignissimos rem eum error.', 3, '2019-06-15 09:58:48', '2019-06-15 09:58:48'),
(68, 12, 'Mr. Keeley Goldner Sr.', 'Provident aut commodi ab rem autem. Unde asperiores minima deleniti sunt et ut quos. Sit iste voluptatibus facere eum repellendus. Exercitationem ipsam dicta amet et officiis.', 5, '2019-06-15 09:58:48', '2019-06-15 09:58:48'),
(69, 11, 'Ms. Martina Hartmann Jr.', 'Vero enim atque tempora aut nemo. Sit dolores magni repudiandae nihil veritatis aut rerum. Neque consequatur et assumenda.', 1, '2019-06-15 09:58:48', '2019-06-15 09:58:48'),
(70, 44, 'Dr. Waino Bartell Sr.', 'Nam consequatur voluptatem labore velit dolores accusamus quis. Et quisquam autem ipsum officiis incidunt. Quas ullam tempora veniam optio fuga facilis perspiciatis nesciunt.', 4, '2019-06-15 09:58:48', '2019-06-15 09:58:48'),
(71, 36, 'Prof. Anastasia Cormier I', 'Fuga soluta minus atque maxime reprehenderit consequatur debitis. Quis qui sunt id aut quasi qui. Natus magni nisi omnis voluptas cum animi.', 5, '2019-06-15 09:58:48', '2019-06-15 09:58:48'),
(72, 46, 'Jamil Spinka MD', 'Autem qui vel incidunt. Eos similique natus aliquam ut. Inventore exercitationem non consequuntur expedita nulla qui esse. Corporis qui et non nihil velit quis consequatur.', 2, '2019-06-15 09:58:48', '2019-06-15 09:58:48'),
(73, 37, 'Prof. Marisa O\'Keefe V', 'Culpa iure molestiae nesciunt autem modi. Ipsum dolor explicabo incidunt. Qui rerum ullam voluptas ut. Id est quas cumque aliquid nostrum.', 3, '2019-06-15 09:58:48', '2019-06-15 09:58:48'),
(74, 17, 'Edgardo Schaden', 'Soluta laborum ut illum iure officia. Possimus et minus eos et. Error odio qui ipsam architecto soluta voluptatibus.', 1, '2019-06-15 09:58:48', '2019-06-15 09:58:48'),
(75, 11, 'Bell Weimann', 'Et est laboriosam et repudiandae quaerat. Provident minus nemo voluptatem iure modi ab accusantium dolorum. Autem qui voluptate dolores.', 4, '2019-06-15 09:58:48', '2019-06-15 09:58:48'),
(76, 3, 'Kelvin Weimann', 'Omnis et suscipit quia voluptas. Quia qui nihil ab ratione. Placeat doloribus fugit ut labore minima soluta dolorem. Reiciendis at id ullam magni odio laboriosam repellat.', 4, '2019-06-15 09:58:48', '2019-06-15 09:58:48'),
(77, 7, 'Prof. Brown Jacobson', 'Fugit eum magni qui quis ab porro ut. Temporibus ea porro maiores mollitia similique. Odit ab velit dolorem quas ratione cum.', 5, '2019-06-15 09:58:48', '2019-06-15 09:58:48'),
(78, 19, 'Gilberto Lakin', 'Unde maxime totam earum est. Dolor sit est molestiae sed.', 3, '2019-06-15 09:58:48', '2019-06-15 09:58:48'),
(79, 50, 'Fatima Waelchi', 'Ut necessitatibus labore repellat quod earum. Sit dignissimos voluptas aut sunt voluptas. Ea in omnis laboriosam qui consequatur. Est consequatur voluptatibus quis et et doloribus itaque quis. Recusandae tenetur est voluptas quos.', 0, '2019-06-15 09:58:48', '2019-06-15 09:58:48'),
(80, 33, 'Beth Herzog I', 'Cumque laborum id vel dolores. Quam inventore asperiores voluptatibus est distinctio sapiente quo quia. Officiis optio unde sed laborum porro voluptatem. Libero quidem id tempora placeat. A alias amet quas fugiat temporibus eaque debitis.', 1, '2019-06-15 09:58:48', '2019-06-15 09:58:48'),
(81, 6, 'Leif Jakubowski', 'Sed maiores voluptas nisi vitae et. Ullam et qui ullam earum doloribus. Dolorum ea quos expedita vel est. Et odit eos impedit nesciunt alias.', 4, '2019-06-15 09:58:48', '2019-06-15 09:58:48'),
(82, 17, 'Ms. Jalyn Deckow I', 'Dolores temporibus exercitationem omnis quos voluptas est delectus aut. Et quia doloribus odio sit laudantium. At voluptatem at numquam aliquam. Qui itaque hic illum sed.', 4, '2019-06-15 09:58:48', '2019-06-15 09:58:48'),
(83, 23, 'Liliane Lindgren IV', 'In id id sit fuga. Unde vitae molestiae ea. Quam et sit excepturi provident.', 5, '2019-06-15 09:58:48', '2019-06-15 09:58:48'),
(84, 11, 'Kareem Johnson', 'Nesciunt et quibusdam enim laudantium praesentium. Distinctio cumque explicabo voluptatem tenetur saepe praesentium deleniti et. Quasi animi sed corporis voluptates.', 3, '2019-06-15 09:58:48', '2019-06-15 09:58:48'),
(85, 11, 'Rene Beahan', 'Autem earum voluptatem quia consequatur. Veritatis qui et impedit beatae. Aut est error corrupti aliquid tempore quo incidunt. Sint amet est voluptas alias mollitia.', 2, '2019-06-15 09:58:48', '2019-06-15 09:58:48'),
(86, 13, 'Mable Schultz', 'Sunt et perferendis vel illo ea. Provident atque hic labore itaque. Odio reiciendis maiores a. Est itaque et molestiae optio sed explicabo.', 0, '2019-06-15 09:58:48', '2019-06-15 09:58:48'),
(87, 31, 'Wyatt Renner', 'Sunt possimus nulla omnis ex. Voluptas nihil occaecati asperiores et aut officia. Qui voluptatibus eveniet ea ea. Rem nulla nobis nesciunt et beatae voluptate.', 2, '2019-06-15 09:58:48', '2019-06-15 09:58:48'),
(88, 27, 'Reed Olson', 'Debitis vel commodi sed voluptate commodi sunt dolorem. Illo in ut pariatur quos quasi.', 1, '2019-06-15 09:58:48', '2019-06-15 09:58:48'),
(89, 10, 'Flossie Parker', 'Magni est error necessitatibus possimus. Explicabo veritatis nam in autem in. Rem voluptas voluptatem reiciendis sint quia. Ad eum rerum ea vitae esse consequatur.', 0, '2019-06-15 09:58:48', '2019-06-15 09:58:48'),
(90, 23, 'Lora Barton', 'Nulla aut enim autem voluptas in et aperiam. Non esse recusandae eaque optio ad. Asperiores nobis blanditiis totam. Aut ratione perspiciatis velit autem tenetur cum.', 3, '2019-06-15 09:58:48', '2019-06-15 09:58:48'),
(91, 36, 'Connor Heidenreich', 'Voluptatem qui maxime voluptas voluptas officia deleniti sapiente. Neque nihil a nihil reprehenderit similique. Nisi facere nisi esse harum explicabo non.', 1, '2019-06-15 09:58:48', '2019-06-15 09:58:48'),
(92, 32, 'Miss Brianne Fahey I', 'Ut quisquam doloribus est voluptatem. Illum iusto dolor velit fugit. Totam est aut qui hic voluptatem alias. Enim est numquam sit.', 3, '2019-06-15 09:58:48', '2019-06-15 09:58:48'),
(93, 18, 'Lela Grady I', 'Nobis accusantium est et eos earum omnis. Quas temporibus similique consequuntur in consequuntur. Enim maiores quis qui voluptas ut magnam voluptatem aut. Ut incidunt non delectus.', 3, '2019-06-15 09:58:48', '2019-06-15 09:58:48'),
(94, 29, 'Nannie Fisher', 'Ullam error rem dolorum ut assumenda dolorum ad. Facere molestiae dolor nisi sunt odit qui. Dolor tempore minus harum ea maxime. Est est magni dolor quasi tempore est. Consequatur eos temporibus voluptatum dolor voluptatem.', 2, '2019-06-15 09:58:48', '2019-06-15 09:58:48'),
(95, 48, 'Tara Gorczany', 'Quo magnam voluptatem voluptatum saepe repellat cupiditate. Itaque cumque quam esse rerum consequatur velit. Non sint quasi impedit dolor ipsam veritatis perspiciatis maxime. Aperiam facilis quibusdam veniam illo.', 3, '2019-06-15 09:58:48', '2019-06-15 09:58:48'),
(96, 47, 'Prof. Tremayne Mayert', 'Est velit temporibus occaecati. Quisquam aut vel ut eum doloribus molestiae. Perspiciatis est odit provident ratione blanditiis tempora est.', 3, '2019-06-15 09:58:48', '2019-06-15 09:58:48'),
(97, 17, 'Mariela Towne I', 'Amet quidem et consequatur nesciunt amet. Nesciunt laudantium neque quia inventore voluptatem impedit suscipit. Libero et eos inventore placeat itaque et dignissimos.', 4, '2019-06-15 09:58:48', '2019-06-15 09:58:48'),
(98, 46, 'Roman Emard', 'Dolorum aut voluptatibus voluptatibus nobis dolores. Suscipit quia assumenda omnis rerum nemo id. Nihil voluptas aut earum consequuntur saepe voluptatem. Magnam quia temporibus quidem vel.', 1, '2019-06-15 09:58:48', '2019-06-15 09:58:48'),
(99, 11, 'Howard Breitenberg', 'Magni et voluptatem nihil unde. Quas exercitationem voluptatum inventore voluptas officiis quae voluptas. Suscipit ducimus accusamus consequatur ea incidunt sit dignissimos. Deserunt amet animi sit qui enim minima ea id.', 5, '2019-06-15 09:58:48', '2019-06-15 09:58:48'),
(100, 43, 'Michale Bernhard V', 'Ipsum sit eos excepturi sit minima. Libero possimus neque atque. Quasi placeat sed ex molestias est consectetur et.', 1, '2019-06-15 09:58:48', '2019-06-15 09:58:48'),
(101, 46, 'Rupert Beier', 'Eligendi magni iure unde aliquid odio quo voluptate. Ut assumenda illo voluptatem incidunt. Voluptatem laboriosam fuga qui molestias perferendis accusantium.', 3, '2019-06-15 09:58:48', '2019-06-15 09:58:48'),
(102, 11, 'Crystal Von', 'Nihil in perspiciatis adipisci rerum qui. Natus enim adipisci amet quas. Qui recusandae odio suscipit maxime cupiditate est nobis aperiam. Dolores nihil ducimus laudantium assumenda.', 4, '2019-06-15 09:58:48', '2019-06-15 09:58:48'),
(103, 32, 'Minerva Bruen', 'Omnis nostrum ut ea molestiae suscipit nam voluptatibus. Aut quia qui reprehenderit exercitationem commodi totam assumenda aut. Molestiae beatae accusantium laboriosam et voluptatum. Quod voluptas facere qui omnis quam ex.', 0, '2019-06-15 09:58:48', '2019-06-15 09:58:48'),
(104, 4, 'Uriah Flatley', 'Occaecati culpa similique similique quaerat. Facere sit nostrum quaerat. Id et omnis totam laborum voluptatibus.', 0, '2019-06-15 09:58:48', '2019-06-15 09:58:48'),
(105, 28, 'Franco Feeney', 'Perspiciatis exercitationem sed beatae saepe quibusdam quos minus. Accusantium ea non beatae quos sunt. Illum explicabo tenetur qui voluptatem.', 0, '2019-06-15 09:58:48', '2019-06-15 09:58:48'),
(106, 48, 'Bryce Ledner', 'Ipsa accusantium aut mollitia aut accusantium molestiae. Quia magnam veritatis ut ea nemo ipsum. Assumenda doloribus dolores excepturi sit omnis rerum laboriosam.', 4, '2019-06-15 09:58:48', '2019-06-15 09:58:48'),
(107, 26, 'Mrs. Breana DuBuque MD', 'Veniam enim cum eius porro omnis velit. Voluptate error est et nemo blanditiis reiciendis dicta quas. Facilis in asperiores saepe rerum. Dolore veritatis laboriosam esse eum nisi sed.', 4, '2019-06-15 09:58:48', '2019-06-15 09:58:48'),
(108, 44, 'Virgil Breitenberg', 'Facere voluptas pariatur voluptas repellat sint a et. Ab porro quo enim sed ut qui. Sint voluptas esse est quibusdam deleniti magnam. Rerum laudantium ducimus quia cupiditate et.', 0, '2019-06-15 09:58:48', '2019-06-15 09:58:48'),
(109, 3, 'Prof. Elisha Wehner I', 'Sit ea nihil at aliquid saepe eius. Et itaque repellendus id eaque natus odio. Illo voluptatibus nesciunt molestiae atque sit.', 2, '2019-06-15 09:58:48', '2019-06-15 09:58:48'),
(110, 24, 'Miss Vesta Treutel DVM', 'Sint sed nostrum ea porro facere eum iure. In at sapiente autem culpa ea facilis iusto illum. Earum fugiat dolore dolor qui facere occaecati earum. Sunt rerum temporibus quo unde quod itaque debitis. Qui delectus corrupti tempore et voluptates sunt enim.', 4, '2019-06-15 09:58:48', '2019-06-15 09:58:48'),
(111, 34, 'Margie Graham', 'Sapiente quas quos quisquam consequuntur delectus et placeat. Qui corporis dicta corporis. Alias tenetur molestiae id occaecati inventore veritatis.', 4, '2019-06-15 09:58:48', '2019-06-15 09:58:48'),
(112, 3, 'Logan Morissette DVM', 'Ipsam fugiat tenetur earum. Veniam debitis illo adipisci eos ut voluptatum et. Dolor est voluptas est qui consequuntur minima libero.', 4, '2019-06-15 09:58:48', '2019-06-15 09:58:48'),
(113, 28, 'Jazlyn Runolfsson', 'Ducimus culpa et cum sunt. Dolor quo et optio sed velit quae earum. Vero placeat aliquid deleniti excepturi. Earum commodi ratione asperiores quo qui hic qui. Asperiores est ut qui iure nihil vel in.', 3, '2019-06-15 09:58:48', '2019-06-15 09:58:48'),
(114, 24, 'Dallas Wyman V', 'Magni quo dolor eos iste cum. Ut provident veniam eos incidunt dolorem voluptatem aut velit. Voluptatibus saepe voluptas libero quasi alias impedit et.', 2, '2019-06-15 09:58:48', '2019-06-15 09:58:48'),
(115, 25, 'Adelia DuBuque', 'Quo pariatur explicabo laudantium est et. Voluptate aut id et debitis necessitatibus.', 3, '2019-06-15 09:58:48', '2019-06-15 09:58:48'),
(116, 11, 'Prof. Estell Quitzon', 'Quos dolorem distinctio laboriosam aspernatur excepturi accusamus. Odit id earum ex dolorum. Eos officiis est praesentium omnis illum culpa quo.', 5, '2019-06-15 09:58:48', '2019-06-15 09:58:48'),
(117, 25, 'Dr. Dan Bradtke', 'Est reiciendis nihil omnis maiores itaque corporis. Quam quod pariatur et. Explicabo alias sed tempora. Repellat possimus id necessitatibus quis tempore modi.', 5, '2019-06-15 09:58:48', '2019-06-15 09:58:48'),
(118, 47, 'Derick Dickinson', 'A est earum nobis. Et ad ea impedit atque est officiis possimus.', 2, '2019-06-15 09:58:48', '2019-06-15 09:58:48'),
(119, 44, 'Hayley Reynolds', 'Voluptatem sunt autem aspernatur nemo doloribus. Accusamus omnis illum repellendus voluptas aliquam. Similique est ratione dolorum animi. Vel unde quod sunt eaque aut voluptatem natus maiores.', 4, '2019-06-15 09:58:48', '2019-06-15 09:58:48'),
(120, 42, 'Madisen Metz I', 'Soluta consequatur consequatur totam rerum. Rerum expedita animi non voluptatem sunt. Amet amet fugit iusto non impedit ut.', 3, '2019-06-15 09:58:48', '2019-06-15 09:58:48'),
(121, 25, 'Angelita Bahringer', 'Et culpa deserunt nemo autem suscipit. Mollitia aut ut et quo rem fugiat aut. Et ut tempore quae reiciendis deserunt nesciunt qui. Voluptatibus veritatis adipisci eum voluptatem doloribus veniam quia velit.', 4, '2019-06-15 09:58:48', '2019-06-15 09:58:48'),
(122, 47, 'Rhoda Schroeder II', 'Nihil mollitia numquam facilis sit cupiditate ut. Quis dolor cum qui dolores animi quia magni et. Recusandae exercitationem quibusdam dicta in rerum blanditiis et voluptates. Eligendi in aliquid eveniet est expedita.', 5, '2019-06-15 09:58:48', '2019-06-15 09:58:48'),
(123, 41, 'Leora Koepp', 'Incidunt et velit repellat vero possimus. Ratione tempora voluptatum molestiae voluptate minus. Ullam culpa fugit occaecati ab explicabo aut consequatur.', 0, '2019-06-15 09:58:48', '2019-06-15 09:58:48'),
(124, 18, 'Dr. Arnoldo Ankunding', 'Dignissimos impedit repudiandae sapiente dolores. Autem ea aut quia provident. Voluptas in dolores minima distinctio sed. Provident voluptatem dolor vel.', 5, '2019-06-15 09:58:48', '2019-06-15 09:58:48'),
(125, 32, 'Keaton Wilkinson', 'Omnis qui quis cumque praesentium eaque deleniti. Soluta quo sit quibusdam aliquam nam earum. Id soluta eligendi consequatur distinctio. Corporis quia eius nisi omnis optio recusandae tenetur labore.', 3, '2019-06-15 09:58:48', '2019-06-15 09:58:48'),
(126, 33, 'Camryn Treutel V', 'Nulla id eaque autem tempore voluptas. Aut voluptate delectus itaque quis nobis occaecati amet.', 4, '2019-06-15 09:58:48', '2019-06-15 09:58:48'),
(127, 46, 'Willis Kiehn', 'Tenetur optio excepturi aliquam quae at. Saepe ad rerum molestias et. Qui veritatis eos dolore recusandae quod. A quisquam ducimus aut adipisci vitae quo.', 0, '2019-06-15 09:58:48', '2019-06-15 09:58:48'),
(128, 50, 'Charles Hahn', 'Fuga et doloremque at debitis dolorum unde qui. Magni esse qui quae voluptatem qui. Nobis explicabo molestiae consequatur.', 1, '2019-06-15 09:58:48', '2019-06-15 09:58:48'),
(129, 21, 'Lillie Wisozk', 'Eos et in pariatur dolores enim. Cumque ut cum consequatur ea et. Cumque non amet eum earum nihil qui. Ipsum eligendi modi natus sed vero.', 1, '2019-06-15 09:58:48', '2019-06-15 09:58:48'),
(130, 20, 'Giovanni Klocko', 'Accusantium asperiores rerum illum quia dicta aut. Consequatur sint nisi et minima cum optio.', 0, '2019-06-15 09:58:48', '2019-06-15 09:58:48'),
(131, 31, 'Braulio Hirthe', 'Cupiditate hic delectus expedita nesciunt iste omnis. Nesciunt cumque quis nostrum. Omnis animi et id omnis tenetur ea.', 0, '2019-06-15 09:58:48', '2019-06-15 09:58:48'),
(132, 22, 'Aracely Feest I', 'Aut dolor quibusdam laudantium alias porro. Quo non voluptas placeat.', 4, '2019-06-15 09:58:48', '2019-06-15 09:58:48'),
(133, 22, 'Dr. Aiyana Heidenreich', 'Voluptas et minima ullam exercitationem voluptatem. Dignissimos vitae ea aut illo labore soluta. Quia nobis maxime perspiciatis voluptatem nostrum.', 4, '2019-06-15 09:58:48', '2019-06-15 09:58:48'),
(134, 29, 'Dr. Reese Bauch', 'Minima eligendi exercitationem vero in reiciendis et deserunt quo. Voluptate et cupiditate officia vel. Nihil unde quia in deleniti. Aspernatur ut quia eum unde blanditiis.', 2, '2019-06-15 09:58:48', '2019-06-15 09:58:48'),
(135, 20, 'Armand Barrows', 'Veritatis ut dolor nostrum voluptas autem. Molestiae tenetur laborum architecto sed. A vel sint quasi molestiae quaerat natus ut.', 4, '2019-06-15 09:58:48', '2019-06-15 09:58:48'),
(136, 21, 'Brianne Walker', 'Est facere voluptas dolorem atque ut et saepe. Nemo asperiores quaerat quis odit neque architecto. Doloribus et commodi odit sint et autem. Eum excepturi autem quia.', 3, '2019-06-15 09:58:48', '2019-06-15 09:58:48'),
(137, 45, 'Nat Kessler', 'Eum itaque quia suscipit ipsum fuga. Autem aut beatae dolorem porro qui sint. Maxime adipisci aut similique accusamus nam vel.', 5, '2019-06-15 09:58:48', '2019-06-15 09:58:48'),
(138, 31, 'Bette Connelly III', 'Ea incidunt nihil ea aspernatur harum. Expedita minus laboriosam et itaque numquam quasi. Illum repellat quasi eos sapiente velit aspernatur.', 0, '2019-06-15 09:58:48', '2019-06-15 09:58:48'),
(139, 45, 'Dana Bogan', 'Ut aliquam itaque aut officiis. Nostrum aliquid non aut et laborum culpa qui.', 5, '2019-06-15 09:58:48', '2019-06-15 09:58:48'),
(140, 3, 'Norberto Hackett', 'Maiores cumque aspernatur aut porro qui repudiandae. Incidunt illum optio esse.', 4, '2019-06-15 09:58:48', '2019-06-15 09:58:48'),
(141, 50, 'Karine Schneider', 'Excepturi maiores quasi nihil quam fugiat quis. Nemo omnis ipsa sequi assumenda iste non fugiat. Eius deleniti culpa dignissimos quis quos.', 2, '2019-06-15 09:58:48', '2019-06-15 09:58:48'),
(142, 30, 'Erich Brekke', 'Ea porro asperiores et reprehenderit voluptatibus laboriosam. Alias veniam porro ipsa est. Delectus incidunt et velit aut voluptatibus quidem nesciunt vel.', 1, '2019-06-15 09:58:48', '2019-06-15 09:58:48'),
(143, 8, 'Jude Lueilwitz MD', 'Impedit commodi sit quis aut ea. Dolores et minus sequi. Placeat minima quia enim et. Omnis officiis voluptatum odio recusandae. Cum est et ut.', 5, '2019-06-15 09:58:48', '2019-06-15 09:58:48'),
(144, 15, 'Jazlyn Cronin', 'Est labore minima cumque qui inventore aut. Odio ut qui doloribus eligendi. Voluptatum ad quo est totam perferendis. Eum beatae commodi voluptatum expedita et.', 4, '2019-06-15 09:58:48', '2019-06-15 09:58:48'),
(145, 42, 'Bud O\'Connell IV', 'Sit fugiat sint consequuntur aut. Dolor non iusto illo et. Asperiores aut nulla molestias.', 3, '2019-06-15 09:58:48', '2019-06-15 09:58:48'),
(146, 38, 'Ottis Cruickshank', 'Hic illo corrupti aliquam eum qui. Accusantium aliquid a sed culpa maiores sed ut. Eius dolorum perferendis facilis autem ut nisi.', 2, '2019-06-15 09:58:48', '2019-06-15 09:58:48'),
(147, 8, 'Dr. Kristofer Jerde', 'Suscipit reiciendis porro odio sit ipsum. Ipsam dolores provident velit ut a enim. Quaerat voluptas eos qui vitae blanditiis officia amet.', 0, '2019-06-15 09:58:48', '2019-06-15 09:58:48'),
(148, 33, 'Mervin Brekke', 'Ratione molestiae omnis culpa. Perspiciatis ex cumque velit incidunt suscipit. Sit fugiat adipisci inventore error.', 3, '2019-06-15 09:58:48', '2019-06-15 09:58:48'),
(149, 24, 'Mr. Randy Nienow', 'Natus et non illum ut et voluptatibus at. Incidunt nemo officiis qui voluptatem voluptatem voluptatem nemo. Vitae quidem cumque quia facere.', 3, '2019-06-15 09:58:48', '2019-06-15 09:58:48'),
(150, 25, 'Kenya Murphy', 'Repellendus voluptatem voluptas totam explicabo dolor. Alias nostrum et est voluptatum aut. Animi nihil vel expedita sed nobis.', 1, '2019-06-15 09:58:48', '2019-06-15 09:58:48'),
(151, 32, 'Pauline Hahn', 'Non aperiam cumque occaecati molestias corporis. Quas ipsam cum libero ad itaque laudantium. Unde voluptates deserunt fugiat qui atque ut praesentium. Vel similique beatae eveniet voluptatem adipisci cupiditate accusamus.', 3, '2019-06-15 09:58:48', '2019-06-15 09:58:48'),
(152, 1, 'Dr. Lowell Rohan', 'Quia dolores occaecati quas consequatur. Nihil tempora quo praesentium velit dolore doloribus. Eos rerum repudiandae at quibusdam nihil doloribus.', 5, '2019-06-15 09:58:48', '2019-06-15 09:58:48'),
(153, 44, 'Cameron Mayert', 'Qui ducimus est a assumenda ipsa. Earum autem at qui. Perspiciatis deserunt blanditiis totam autem incidunt.', 5, '2019-06-15 09:58:48', '2019-06-15 09:58:48'),
(154, 43, 'Dr. Zackary Littel', 'Earum delectus accusamus quos numquam suscipit eaque enim vitae. Rerum reiciendis excepturi consequuntur sunt. Nostrum delectus at accusantium sed voluptates est et. Illo libero eligendi vitae.', 4, '2019-06-15 09:58:48', '2019-06-15 09:58:48'),
(155, 22, 'Janae Gerlach', 'Illum optio eos illo ipsam quo esse. Magni vero aut vel libero eligendi maxime. Aut dolore debitis assumenda dolore blanditiis. Quae perspiciatis temporibus ut.', 0, '2019-06-15 09:58:48', '2019-06-15 09:58:48'),
(156, 19, 'Germaine Bernhard', 'Quia reiciendis quidem dolorum eos dolores ut ex. Quia est impedit adipisci quae ducimus eaque doloribus ab. Esse nam enim blanditiis eos.', 4, '2019-06-15 09:58:48', '2019-06-15 09:58:48'),
(157, 47, 'Ricardo Sawayn', 'Non qui aut perspiciatis et aspernatur aliquam sed. Voluptatem quaerat et molestias qui aspernatur at. Dolor error quibusdam iste.', 4, '2019-06-15 09:58:48', '2019-06-15 09:58:48'),
(158, 14, 'Vincent Breitenberg', 'Placeat autem distinctio eius maiores cumque eius. Sint autem ea provident non. Et inventore temporibus repellat voluptates. Molestiae voluptas et nulla id cum autem.', 2, '2019-06-15 09:58:48', '2019-06-15 09:58:48'),
(159, 28, 'Abigayle Wyman', 'Neque facere consectetur temporibus quibusdam saepe. Nam voluptas ipsam voluptatem velit sapiente eius officia provident. Aspernatur nam sit eligendi mollitia et. Et et dolore totam at adipisci.', 0, '2019-06-15 09:58:48', '2019-06-15 09:58:48'),
(160, 22, 'Yoshiko Funk', 'Fugit quas sapiente sunt quae non perferendis nostrum. Rerum est facilis repudiandae est laborum veniam voluptatibus. Sint possimus voluptatum iure. Vel fugit quia doloremque doloribus quidem voluptas.', 5, '2019-06-15 09:58:48', '2019-06-15 09:58:48'),
(161, 35, 'Philip Dibbert Jr.', 'Ea tenetur tempora odit vero rerum sint accusamus. Quo sint et est. Quam sapiente est sapiente doloremque iure facere. Quisquam perferendis nobis ut praesentium eum. Facilis aliquid iure aut maiores impedit.', 0, '2019-06-15 09:58:48', '2019-06-15 09:58:48'),
(162, 40, 'Darrell Considine', 'Ut nisi nostrum itaque. Excepturi cum sed fuga molestiae dolore harum voluptatem. Quo eum quia quis odio corrupti accusamus.', 4, '2019-06-15 09:58:48', '2019-06-15 09:58:48'),
(163, 32, 'Antone Monahan', 'Ab earum aut unde sint sit a qui. Voluptatem culpa quia fugiat id. Reiciendis ex ullam quam est id dolorum natus. Voluptatibus vitae iusto natus officia. Et modi eos reprehenderit aut quaerat voluptatem.', 4, '2019-06-15 09:58:48', '2019-06-15 09:58:48'),
(164, 35, 'Brenna Bartell V', 'Qui quisquam esse aliquid aspernatur ea impedit aut harum. Dicta corrupti quibusdam et minus iste quae. Laudantium voluptates pariatur magni dolorem aut et. Velit illum molestiae quis sequi earum et id.', 5, '2019-06-15 09:58:48', '2019-06-15 09:58:48'),
(165, 18, 'Skylar Langosh DVM', 'Rem tempora labore quidem qui nihil dolorum qui. Eligendi non sapiente commodi sunt illum quas. Nostrum consequatur perspiciatis commodi est ut ullam. Excepturi quo sequi velit dolorem.', 4, '2019-06-15 09:58:48', '2019-06-15 09:58:48'),
(166, 5, 'Chester Halvorson', 'Earum qui hic velit deserunt labore ut et. Hic sit eligendi doloribus quia magnam illo voluptatibus. Animi cupiditate ipsum tempora est optio ipsam non. Delectus odit et sed debitis.', 3, '2019-06-15 09:58:48', '2019-06-15 09:58:48'),
(167, 47, 'Craig Hamill', 'Perspiciatis qui id occaecati exercitationem mollitia dolor culpa. Tempora libero voluptas ea eos quo voluptas id ex. Impedit id ullam harum. Magni qui consequuntur nulla placeat enim.', 1, '2019-06-15 09:58:48', '2019-06-15 09:58:48'),
(168, 10, 'Destin Kessler', 'Nesciunt corrupti qui ullam voluptas enim enim et sed. Repellendus dolorem atque adipisci ipsum nihil sed. Dolorem veniam nam error possimus maxime rerum et. Totam enim nobis pariatur quasi nesciunt itaque.', 4, '2019-06-15 09:58:48', '2019-06-15 09:58:48'),
(169, 25, 'Mr. Lester Johnston Sr.', 'Quasi aliquid consequatur incidunt id eaque. Quidem autem voluptatem eveniet alias consectetur. Non hic quidem quibusdam eveniet ratione sint. Illum eveniet est nesciunt est. Placeat dolore non sint consequatur sed autem possimus.', 2, '2019-06-15 09:58:48', '2019-06-15 09:58:48'),
(170, 22, 'Ms. Aimee Mante', 'Sed quia ut esse rem eligendi ratione ut. Corporis itaque aut ullam sit maiores quaerat et ut. Repellendus aperiam eveniet voluptatem dolores. Ut nobis qui veritatis voluptatem.', 3, '2019-06-15 09:58:48', '2019-06-15 09:58:48'),
(171, 45, 'Kendra Mitchell', 'Nulla et quod culpa et. Aut a et molestiae omnis est hic molestiae. Qui dolorem ipsa ipsa et explicabo veniam numquam. Quasi repudiandae nulla corrupti recusandae. Id ut expedita illo.', 0, '2019-06-15 09:58:48', '2019-06-15 09:58:48'),
(172, 40, 'Mrs. Cathy Kiehn MD', 'Odit et nesciunt cum occaecati. Ipsam et doloremque quia eaque eligendi ea. Voluptatem dolorum explicabo optio rerum enim et. Minima corrupti consectetur alias.', 2, '2019-06-15 09:58:48', '2019-06-15 09:58:48'),
(173, 43, 'Ms. Sandy Bechtelar', 'Voluptatem illum quam omnis sit non. Est sed non corporis. Omnis esse explicabo hic. Voluptatem alias culpa ipsa velit et perferendis laboriosam. Velit nostrum necessitatibus expedita et impedit perspiciatis aut.', 0, '2019-06-15 09:58:48', '2019-06-15 09:58:48'),
(174, 11, 'Isaiah Considine', 'Minus et accusantium dignissimos architecto ut asperiores. Ea expedita explicabo voluptate eius. Molestiae nihil non eum omnis quaerat. Sit eligendi harum quo quisquam quam ex.', 5, '2019-06-15 09:58:48', '2019-06-15 09:58:48'),
(175, 10, 'Ladarius Bergnaum', 'Nemo corrupti velit eos. Vel non inventore impedit saepe omnis maxime odit. Voluptatem occaecati ut sed sint.', 3, '2019-06-15 09:58:48', '2019-06-15 09:58:48'),
(176, 19, 'Alysa Grant', 'Sint quia reprehenderit qui eveniet dolor veniam. Voluptas molestiae iusto magni consectetur fuga. Perspiciatis architecto et eius suscipit natus officiis. Maxime impedit nihil eligendi eum nihil laudantium. Laboriosam beatae commodi in temporibus.', 3, '2019-06-15 09:58:48', '2019-06-15 09:58:48'),
(177, 6, 'Mrs. Luna Greenholt', 'Omnis consequatur harum voluptatem libero. Delectus dolore non in quam nesciunt nulla. Fugiat cum dolores quis dicta soluta quia. Deleniti nemo soluta porro quam aliquid ut nihil.', 0, '2019-06-15 09:58:48', '2019-06-15 09:58:48'),
(178, 46, 'Dr. Ali Pfeffer V', 'Exercitationem sunt neque officiis magni nemo commodi quo et. Culpa maiores voluptas voluptatibus optio sed. Et ratione qui et minus magni quas molestiae.', 4, '2019-06-15 09:58:48', '2019-06-15 09:58:48'),
(179, 45, 'Ms. Lempi Brekke DVM', 'Animi libero voluptatem ut laudantium reiciendis. Odit consequatur illo tempore ducimus consequatur. Et quo modi aut natus blanditiis fugit. Laborum ut sed asperiores excepturi aperiam.', 0, '2019-06-15 09:58:48', '2019-06-15 09:58:48'),
(180, 48, 'Jon Boehm IV', 'Ullam inventore non natus. Aut aut quia nihil qui. Nihil et aliquid ipsa possimus natus ut est. Ducimus nam voluptatem deleniti dolorum blanditiis est.', 1, '2019-06-15 09:58:48', '2019-06-15 09:58:48'),
(181, 22, 'Henriette Block', 'Id est eveniet ex quisquam et et. Et ducimus sapiente architecto natus. Doloremque voluptates similique autem saepe hic.', 0, '2019-06-15 09:58:48', '2019-06-15 09:58:48'),
(182, 41, 'Michelle Luettgen', 'Architecto nisi iste commodi voluptates. Laboriosam magni suscipit et voluptas rerum dignissimos deserunt. Voluptates commodi voluptates soluta est ullam.', 0, '2019-06-15 09:58:48', '2019-06-15 09:58:48'),
(183, 35, 'Kenny Kilback DDS', 'Et voluptas eaque ut beatae. Porro et sint recusandae rerum. Cum et sunt minus ut. A atque inventore explicabo.', 3, '2019-06-15 09:58:48', '2019-06-15 09:58:48'),
(184, 32, 'Therese Hettinger', 'Officia tempora dolorem a occaecati commodi et enim. Ratione ut nobis et provident.', 1, '2019-06-15 09:58:48', '2019-06-15 09:58:48'),
(185, 50, 'Roosevelt Larkin', 'Sequi enim voluptate nesciunt sapiente ut quae quis. Fugit minus nulla expedita et tenetur. Numquam non velit autem alias. Est sequi vel aut est iusto qui.', 1, '2019-06-15 09:58:48', '2019-06-15 09:58:48'),
(186, 13, 'Amie Rau', 'Sed sunt repellat omnis assumenda. Excepturi qui doloremque asperiores velit voluptas. Eos qui veritatis aut facilis.', 5, '2019-06-15 09:58:48', '2019-06-15 09:58:48'),
(187, 9, 'Myrtle Schneider', 'Laboriosam ea deleniti et sit fuga rem. Quasi qui quidem et quidem numquam facere corrupti. Voluptas id error molestiae et iusto ducimus doloremque.', 2, '2019-06-15 09:58:48', '2019-06-15 09:58:48'),
(188, 2, 'Mathew Conn', 'Facilis saepe et ullam qui nisi voluptatem et. Temporibus harum expedita tenetur voluptates quia ut eum. Blanditiis sapiente consectetur nemo distinctio inventore beatae. Sunt voluptas earum dolorem ducimus beatae aliquam qui.', 3, '2019-06-15 09:58:48', '2019-06-15 09:58:48'),
(189, 39, 'Alford Moen', 'Eaque quam consequuntur ut odio rerum. Enim consequatur voluptatem quisquam quo doloremque dolorem repudiandae.', 5, '2019-06-15 09:58:48', '2019-06-15 09:58:48'),
(190, 42, 'Marion Gaylord', 'Hic illum quas aperiam consectetur sequi quaerat dolorem. Sit adipisci minima repudiandae. Quo sed non corrupti adipisci.', 0, '2019-06-15 09:58:48', '2019-06-15 09:58:48'),
(191, 43, 'Ashton O\'Keefe', 'Soluta nobis rerum id excepturi. Eveniet quos qui voluptatem.', 0, '2019-06-15 09:58:48', '2019-06-15 09:58:48'),
(192, 23, 'Mabel Renner MD', 'Voluptatem voluptate mollitia quia et sed ullam ea beatae. Necessitatibus dolor impedit distinctio sequi alias reiciendis. Quasi vel quaerat saepe quod qui reiciendis nihil. Adipisci occaecati sit unde quo occaecati vero.', 2, '2019-06-15 09:58:48', '2019-06-15 09:58:48'),
(193, 6, 'Marvin Carroll MD', 'Eos sequi beatae voluptas quia qui vero aspernatur. Deserunt et quas amet neque. Placeat dicta quod debitis enim et culpa.', 4, '2019-06-15 09:58:48', '2019-06-15 09:58:48'),
(194, 18, 'Quinten Bernhard', 'Quis ut sit quibusdam rerum. Ad aut sunt minima illum et. Et assumenda illum amet perspiciatis. Et animi minima qui vel ratione ut.', 5, '2019-06-15 09:58:48', '2019-06-15 09:58:48'),
(195, 3, 'Murray Kshlerin', 'Autem neque et provident harum nihil reiciendis at aut. Rerum est et aut. Iusto nihil magni nesciunt voluptatibus id.', 0, '2019-06-15 09:58:48', '2019-06-15 09:58:48'),
(196, 21, 'Dr. Rickie D\'Amore DDS', 'Error nihil voluptas et pariatur neque voluptate sapiente. Suscipit beatae qui amet alias labore repudiandae quia earum. Porro et velit eum ducimus.', 3, '2019-06-15 09:58:48', '2019-06-15 09:58:48'),
(197, 32, 'Mr. Jeffery Koch MD', 'Voluptatem sit fugiat nulla sed dolores minima velit aspernatur. Aliquam laboriosam tempora ea sit. Sapiente est impedit explicabo dolores eum et fugiat. Aut rerum quo non ducimus asperiores numquam. Aut qui explicabo quia.', 2, '2019-06-15 09:58:48', '2019-06-15 09:58:48'),
(198, 17, 'Gaylord Miller', 'Neque ea dolorum dolores quae. Ipsa ut facilis eligendi nulla voluptates reiciendis porro. Eligendi nobis nostrum exercitationem quibusdam deleniti est et. Similique aut ex dolorem quis consectetur suscipit.', 4, '2019-06-15 09:58:48', '2019-06-15 09:58:48'),
(199, 36, 'Charlotte Runolfsdottir', 'Accusantium debitis exercitationem dolores ea rem. Velit sed officiis impedit commodi. Non sit et iste dolor sunt harum cumque.', 0, '2019-06-15 09:58:48', '2019-06-15 09:58:48'),
(200, 8, 'Prof. Kristopher Sauer DVM', 'Eos voluptatum qui ullam error deleniti tempora. Voluptatem voluptas temporibus neque et dolorum. Eum amet et tempora delectus sunt incidunt id et. Enim ullam error sit quasi provident hic voluptates quaerat.', 1, '2019-06-15 09:58:48', '2019-06-15 09:58:48'),
(201, 6, 'Jewell Quitzon', 'Voluptatem fugit sint ad consectetur rerum culpa. Et sint perspiciatis voluptas alias. Minus temporibus odit rerum in et. Tempore beatae placeat aut perferendis molestiae eaque iusto consectetur.', 2, '2019-06-15 09:58:48', '2019-06-15 09:58:48'),
(202, 18, 'Rosendo Schuster', 'Ab sit quaerat blanditiis tempore neque et. Vel quas aliquam laborum perferendis repellendus quae fuga. Non facilis quas nostrum id.', 3, '2019-06-15 09:58:48', '2019-06-15 09:58:48'),
(203, 44, 'Norwood Will', 'Ex eum atque voluptatibus debitis quod. Ut sed non aut. Reiciendis ut illo harum et explicabo.', 5, '2019-06-15 09:58:48', '2019-06-15 09:58:48'),
(204, 11, 'Vivianne Gaylord', 'Voluptates ad sunt laboriosam sequi ullam saepe. Rerum quae laborum voluptas et hic et unde odio. Quaerat ut voluptates enim quis sit. Repellat aperiam id ut soluta amet suscipit omnis laudantium.', 0, '2019-06-15 09:58:48', '2019-06-15 09:58:48'),
(205, 46, 'Odie Franecki DVM', 'Est consequuntur voluptatem id est. Molestiae dolores molestiae quis quia. Ab modi provident delectus nobis fuga eius consectetur.', 0, '2019-06-15 09:58:48', '2019-06-15 09:58:48'),
(206, 29, 'Kailyn Goodwin', 'Quia sit repellat suscipit ad quaerat placeat. Itaque itaque odit dolorem qui maiores. Reiciendis excepturi adipisci delectus doloribus eius earum voluptas.', 0, '2019-06-15 09:58:48', '2019-06-15 09:58:48'),
(207, 13, 'Dangelo Gibson', 'Quod asperiores et ab enim animi hic. Odio fugit quos placeat expedita facilis. Itaque et sed sit est.', 5, '2019-06-15 09:58:48', '2019-06-15 09:58:48'),
(208, 30, 'Dave Schimmel', 'Est quis blanditiis nihil enim. Qui voluptates sed veniam odit numquam itaque. Voluptatem ea quia accusamus et possimus sed nam blanditiis.', 1, '2019-06-15 09:58:48', '2019-06-15 09:58:48'),
(209, 16, 'Zora Kutch', 'Quis ratione aut fuga consectetur. Et aut qui quia minus sapiente ut et. Et recusandae tempore sed enim. Qui voluptas quos et quo temporibus.', 2, '2019-06-15 09:58:48', '2019-06-15 09:58:48'),
(210, 17, 'Jovan Runte', 'Consequatur in harum laboriosam omnis illo est. Ex alias voluptatem ad ad id dolorem. Placeat ut animi iusto id quia. Et quae et consequatur ut beatae assumenda. Neque sunt voluptas pariatur qui.', 3, '2019-06-15 09:58:48', '2019-06-15 09:58:48');
INSERT INTO `reviews` (`id`, `product_id`, `customer`, `review`, `star`, `created_at`, `updated_at`) VALUES
(211, 34, 'Doug Kautzer V', 'Hic distinctio quia sit sunt voluptas id. Alias dolor dicta occaecati minima. Voluptatum et hic eveniet. Alias quasi voluptas labore.', 3, '2019-06-15 09:58:48', '2019-06-15 09:58:48'),
(212, 33, 'Zander Hahn', 'Et aut earum accusantium sapiente soluta vel. Impedit ab ipsa et eligendi excepturi fuga. Neque quisquam vitae vel eaque. Ad dignissimos nam inventore illum ea sed ipsam. Reprehenderit sunt aperiam repellat esse iusto molestiae mollitia.', 3, '2019-06-15 09:58:48', '2019-06-15 09:58:48'),
(213, 41, 'Prof. Maud Grant Jr.', 'Quis non dignissimos fugit nostrum non. Autem laboriosam natus saepe natus sapiente. Qui nesciunt et asperiores sequi aperiam voluptatem. Vel ut vel molestias consequatur quas omnis quae.', 4, '2019-06-15 09:58:48', '2019-06-15 09:58:48'),
(214, 42, 'Jovani Hansen', 'At dolor quidem deserunt rem dolorem id. Fugiat nulla impedit harum aut et nihil. Non voluptatum nihil at magni ipsa officia qui. Possimus beatae qui eius quod eius.', 4, '2019-06-15 09:58:48', '2019-06-15 09:58:48'),
(215, 4, 'Lacy Goodwin', 'Quisquam doloremque modi quidem enim velit laboriosam dicta. Nihil ducimus dolor beatae totam et. Dolor exercitationem blanditiis exercitationem ad quibusdam non harum tempore. Ut cupiditate saepe voluptates veniam beatae.', 1, '2019-06-15 09:58:48', '2019-06-15 09:58:48'),
(216, 35, 'Brielle Miller', 'Qui maxime dolorem possimus qui alias impedit labore consectetur. Nostrum autem voluptatem at et incidunt impedit. Sequi et quaerat ducimus ipsam.', 5, '2019-06-15 09:58:48', '2019-06-15 09:58:48'),
(217, 4, 'Eloisa Klocko', 'Fugiat nesciunt ad enim aut quia libero ut. Repudiandae non occaecati deserunt iusto provident. Voluptatem omnis esse debitis nihil id. Consequatur quibusdam omnis quis reiciendis.', 5, '2019-06-15 09:58:48', '2019-06-15 09:58:48'),
(218, 16, 'Mr. Terrance Moore', 'Non earum exercitationem maxime. Aut voluptas blanditiis veritatis labore. Quia aliquid amet consequuntur accusamus. Aut accusamus et voluptatem officia a distinctio voluptas. Consectetur accusamus alias accusantium.', 2, '2019-06-15 09:58:49', '2019-06-15 09:58:49'),
(219, 36, 'Alejandrin Fisher III', 'Reprehenderit quia dolorem modi distinctio. Eos neque quis fuga quisquam corrupti ab. Enim unde id corrupti eaque officiis quo.', 2, '2019-06-15 09:58:49', '2019-06-15 09:58:49'),
(220, 20, 'Enrico Kiehn', 'Sint corrupti reiciendis perspiciatis expedita deserunt fugiat. Sint non sit maiores quos similique ipsum. Ut qui delectus neque possimus laboriosam officia. Perferendis similique sint consequatur vel deserunt unde eum exercitationem.', 1, '2019-06-15 09:58:49', '2019-06-15 09:58:49'),
(221, 28, 'Libbie Runolfsdottir', 'Et deleniti et quia ullam. Delectus perferendis aut sequi odit fuga minima ea. Est quia quia itaque tenetur totam quia porro exercitationem. Vitae perferendis aut accusamus ratione qui.', 4, '2019-06-15 09:58:49', '2019-06-15 09:58:49'),
(222, 31, 'Kyle Quitzon', 'Aspernatur suscipit ea qui aperiam voluptatem. Aut occaecati nemo mollitia. Fuga nemo facilis id laborum.', 3, '2019-06-15 09:58:49', '2019-06-15 09:58:49'),
(223, 14, 'Kelsie Roberts', 'Dolores pariatur repellendus est dicta et commodi. Et ratione aut dolorum quas. Dignissimos amet fuga tenetur omnis non suscipit fugiat facere. Voluptatum sint nihil alias aspernatur voluptas molestiae saepe.', 5, '2019-06-15 09:58:49', '2019-06-15 09:58:49'),
(224, 29, 'Freeman Herman', 'Velit sit itaque velit qui praesentium provident. Esse quia cumque ut quo voluptatum maiores omnis asperiores. Est ea et officia reiciendis numquam. Et voluptatem est quam itaque omnis similique.', 1, '2019-06-15 09:58:49', '2019-06-15 09:58:49'),
(225, 31, 'Shawn Hermann', 'Sunt illum nesciunt ut optio sequi. Numquam omnis quae officia temporibus praesentium. Quod est dolorum rerum suscipit quasi aut cumque. Accusamus numquam nisi ut nihil aut numquam.', 3, '2019-06-15 09:58:49', '2019-06-15 09:58:49'),
(226, 5, 'Coleman Price', 'Et quae enim excepturi corrupti. Fuga sunt iure sunt fuga sapiente a ratione incidunt. Accusantium fugit quis facilis omnis.', 5, '2019-06-15 09:58:49', '2019-06-15 09:58:49'),
(227, 24, 'Jensen Quigley', 'Magni at aliquam at asperiores magnam inventore et. Facilis soluta eos eum provident autem ullam. Ut aut magni consectetur omnis. Illum nihil exercitationem nihil ut beatae numquam.', 1, '2019-06-15 09:58:49', '2019-06-15 09:58:49'),
(228, 44, 'Mr. Connor Bauch II', 'Vitae tenetur veniam laborum aut dolorem quo inventore. Sapiente officiis quasi sequi fugiat aliquid voluptate. Fugit asperiores non placeat quia accusantium necessitatibus odit consequatur. Fugiat eum hic quia.', 5, '2019-06-15 09:58:49', '2019-06-15 09:58:49'),
(229, 8, 'Gabriel Reilly', 'Ex similique nulla magni necessitatibus. Laboriosam nemo et dicta harum et sint similique. Laborum doloremque sit et. Blanditiis eaque dolor provident earum occaecati.', 4, '2019-06-15 09:58:49', '2019-06-15 09:58:49'),
(230, 33, 'Dr. Louie McKenzie Sr.', 'Libero assumenda placeat facilis architecto et illum. Ipsum sunt voluptate animi aperiam magnam molestias sed. Sequi autem hic et eveniet id molestiae.', 4, '2019-06-15 09:58:49', '2019-06-15 09:58:49'),
(231, 12, 'Ms. Duane Shanahan', 'Voluptates non et perferendis nulla repellendus sequi nesciunt. Harum quasi quo ipsum quia quia aspernatur aut. Voluptatum sunt dignissimos quia placeat quo. Sed assumenda distinctio explicabo et.', 0, '2019-06-15 09:58:49', '2019-06-15 09:58:49'),
(232, 15, 'Mara Sporer', 'Iure quia dolorum sed nihil commodi et sint. Aut itaque et repellat recusandae suscipit. Voluptatem ut cupiditate quia itaque quia enim.', 3, '2019-06-15 09:58:49', '2019-06-15 09:58:49'),
(233, 11, 'Katarina Price', 'Quos sed facilis exercitationem non quia ut nostrum. Vel debitis eligendi tenetur illum blanditiis doloribus beatae. Delectus perspiciatis maxime officia saepe qui illo aspernatur est.', 1, '2019-06-15 09:58:49', '2019-06-15 09:58:49'),
(234, 18, 'Ronny Macejkovic', 'Error eum sit non aut ea rem. Expedita voluptatem qui consequuntur aut. Commodi voluptatem similique maxime eligendi ad laborum. Ad tenetur eius iure ut quibusdam itaque est nobis.', 1, '2019-06-15 09:58:49', '2019-06-15 09:58:49'),
(235, 6, 'Zita Lemke III', 'Eum est et officia. Quaerat non cupiditate alias ipsa vel. Et molestias nesciunt qui beatae modi. Sint non qui ut.', 0, '2019-06-15 09:58:49', '2019-06-15 09:58:49'),
(236, 31, 'Cecil Hickle', 'Eius voluptates autem molestiae est fugit mollitia vero nisi. Consequuntur magnam expedita molestiae. Nesciunt corrupti quia ullam est aliquid labore sit accusantium. Est ducimus quo reiciendis odio neque.', 5, '2019-06-15 09:58:49', '2019-06-15 09:58:49'),
(237, 42, 'Clyde Rutherford III', 'Sint quas dolorem est est odit qui. Omnis quod ut odio molestiae dolorem autem eos. Dolor unde accusantium in harum nulla dolor.', 3, '2019-06-15 09:58:49', '2019-06-15 09:58:49'),
(238, 1, 'Garrett Murray V', 'Est in explicabo ut. Vero qui at voluptas at. Incidunt quae consequuntur reiciendis dolore sequi dolores. Atque quas autem omnis vero facere minima.', 3, '2019-06-15 09:58:49', '2019-06-15 09:58:49'),
(239, 45, 'Rubie Boehm', 'Reprehenderit quae sit eum laborum enim. Vero dolores exercitationem facere quos voluptas sunt. Qui consequatur accusantium et et id rerum. Iure voluptas est quo ut.', 5, '2019-06-15 09:58:49', '2019-06-15 09:58:49'),
(240, 4, 'Prof. Davon Bergnaum', 'Est non eligendi dolor illum consequuntur ad. Consectetur fugit omnis fugit accusantium quia ut atque. Molestiae vel libero asperiores tenetur. Cumque quod iure molestiae voluptatum assumenda.', 1, '2019-06-15 09:58:49', '2019-06-15 09:58:49'),
(241, 43, 'Prof. Tessie Sanford', 'Veritatis cum itaque et molestiae doloremque ut. Vero est itaque ea ut dolorum natus. Vel tenetur laboriosam nihil qui.', 0, '2019-06-15 09:58:49', '2019-06-15 09:58:49'),
(242, 5, 'Reilly Corwin', 'Voluptates aliquam inventore incidunt perferendis saepe. Soluta sit sed ducimus iure. Ipsum nesciunt molestiae autem et.', 0, '2019-06-15 09:58:49', '2019-06-15 09:58:49'),
(243, 11, 'Mrs. Abbey Langosh', 'Vitae mollitia nostrum dolorum. Quas distinctio delectus culpa nobis. Voluptate id ut est. Odio necessitatibus asperiores modi voluptatem aut. Pariatur mollitia aut possimus ducimus.', 1, '2019-06-15 09:58:49', '2019-06-15 09:58:49'),
(244, 8, 'Janelle McKenzie', 'Qui est eius et necessitatibus velit. Nisi ut molestiae est repellat ea repudiandae. Sequi minus suscipit provident sint eaque voluptatem. Qui esse explicabo ut consequatur consequatur.', 0, '2019-06-15 09:58:49', '2019-06-15 09:58:49'),
(245, 4, 'Aurelia O\'Conner', 'Sunt asperiores quis ut pariatur omnis non assumenda. Et culpa mollitia quos totam. Ea voluptatem quod aut vel.', 5, '2019-06-15 09:58:49', '2019-06-15 09:58:49'),
(246, 38, 'Dante Pollich', 'Velit dolores qui numquam voluptas voluptatem. Modi nostrum vel et qui. Sed optio sit dicta nam officiis voluptas. Assumenda dolores omnis est inventore ut. Nesciunt aut alias harum dicta hic.', 5, '2019-06-15 09:58:49', '2019-06-15 09:58:49'),
(247, 32, 'Prof. Dana Ziemann PhD', 'Cum rerum fuga et dolore officiis eos et. Optio totam beatae ut quod sed. Quo consequatur et ut sint aspernatur sed corrupti.', 1, '2019-06-15 09:58:49', '2019-06-15 09:58:49'),
(248, 20, 'Alexanne Sawayn', 'Ut voluptate repellat voluptates sed qui cum facilis vel. Voluptatibus suscipit animi quo ut voluptatem praesentium repellat minus. Distinctio dolor labore rem vitae ipsa. Dolorum blanditiis vel consectetur labore voluptas quia tempore.', 3, '2019-06-15 09:58:49', '2019-06-15 09:58:49'),
(249, 5, 'Rahul Graham II', 'Et vero quisquam ex explicabo odit. Et deserunt eum quidem officiis reiciendis corrupti. Delectus quae delectus et voluptates. Non suscipit quia consequatur in.', 5, '2019-06-15 09:58:49', '2019-06-15 09:58:49'),
(250, 3, 'Prof. Ariane Luettgen MD', 'Aut veniam saepe quia sed incidunt quod animi. Quia nemo pariatur ut optio aut eos. Exercitationem quaerat et officiis similique.', 2, '2019-06-15 09:58:49', '2019-06-15 09:58:49'),
(251, 17, 'Prof. Verner Padberg', 'Architecto voluptatibus mollitia dolorum exercitationem qui. Assumenda officia totam consequatur labore aut. Odit dolores quae natus earum saepe.', 0, '2019-06-15 09:58:49', '2019-06-15 09:58:49'),
(252, 6, 'Santina Altenwerth', 'Culpa velit porro eligendi. Ut molestiae voluptatum illo modi illum. Temporibus consequatur et veritatis adipisci iure eos.', 3, '2019-06-15 09:58:49', '2019-06-15 09:58:49'),
(253, 23, 'Miss Anika Tillman IV', 'Soluta commodi magni pariatur necessitatibus vel placeat. Dolor fugit consequatur repudiandae repudiandae pariatur illum. Saepe deserunt unde voluptas autem suscipit.', 2, '2019-06-15 09:58:49', '2019-06-15 09:58:49'),
(254, 46, 'Dr. Judah Ebert Jr.', 'Sed enim repellendus nisi autem atque dolores sit. Molestiae et velit amet eos quis vitae quia. Qui repellendus quidem iure aut nihil quidem explicabo et. Tenetur neque et reiciendis sunt consequatur.', 3, '2019-06-15 09:58:49', '2019-06-15 09:58:49'),
(255, 25, 'Austin Rath', 'Praesentium omnis amet dolor eum nesciunt. Expedita quasi laboriosam voluptas ut quidem fuga et sint. In voluptas placeat aut tenetur velit. Temporibus nulla amet nihil ex quaerat commodi molestiae neque.', 1, '2019-06-15 09:58:49', '2019-06-15 09:58:49'),
(256, 32, 'Nathen Johnson', 'Amet sit nihil et itaque quo voluptatem sint. Labore aliquam eaque provident tempora. Illum animi et voluptates.', 0, '2019-06-15 09:58:49', '2019-06-15 09:58:49'),
(257, 34, 'Clarissa Hermiston', 'Est deleniti quam dolores sapiente. Vel voluptates itaque consectetur sunt. At blanditiis aut temporibus rerum in repellat ea saepe.', 1, '2019-06-15 09:58:49', '2019-06-15 09:58:49'),
(258, 28, 'Eloise Herman', 'Officiis voluptas consequatur dolores. Ducimus rerum tenetur incidunt voluptas aperiam.', 1, '2019-06-15 09:58:49', '2019-06-15 09:58:49'),
(259, 27, 'Ottis Lesch', 'Debitis pariatur praesentium assumenda in aperiam et fugit. Quaerat nisi hic mollitia et doloremque. Maiores neque totam molestiae eum dolore consequuntur veritatis enim. Corporis quidem veritatis nostrum et ea et.', 1, '2019-06-15 09:58:49', '2019-06-15 09:58:49'),
(260, 19, 'Matilda Bartoletti', 'Rem praesentium sit iure provident eaque. Reiciendis quae aliquam consequatur ullam maiores quam.', 1, '2019-06-15 09:58:49', '2019-06-15 09:58:49'),
(261, 16, 'Prof. Monty Huel PhD', 'Atque aut et reiciendis at. Aut animi aut corrupti recusandae enim nihil aut.', 2, '2019-06-15 09:58:49', '2019-06-15 09:58:49'),
(262, 20, 'Fredrick Hartmann', 'Odio fuga nulla consequatur sed dolores. Beatae fuga sequi rerum earum quo porro natus. Officiis debitis cumque temporibus molestias porro consequuntur ipsum fugiat. Quia aut aperiam architecto.', 3, '2019-06-15 09:58:49', '2019-06-15 09:58:49'),
(263, 33, 'Haskell Ullrich', 'Illum et fuga eaque quia eius nobis. Quidem quia aut accusamus illum. Sunt sed voluptatem laudantium blanditiis velit.', 2, '2019-06-15 09:58:49', '2019-06-15 09:58:49'),
(264, 21, 'Rasheed Moore', 'Perspiciatis voluptatem illum accusamus. Voluptatibus natus voluptas voluptatibus iure beatae ea deserunt rem. Amet accusantium deserunt et perspiciatis autem placeat quia.', 3, '2019-06-15 09:58:49', '2019-06-15 09:58:49'),
(265, 2, 'Tomasa Kub', 'Quos velit ipsa dignissimos rerum eveniet et minima. Eligendi ut nihil officia accusamus mollitia et aut quia. Magnam eligendi exercitationem magni beatae vel consequatur. Similique nesciunt non animi quaerat culpa at rerum sit.', 3, '2019-06-15 09:58:49', '2019-06-15 09:58:49'),
(266, 36, 'Dulce Becker', 'Optio vero voluptatibus dolorem non veritatis. Impedit occaecati consequatur quidem sed minima ullam. Totam at est quaerat neque sunt.', 3, '2019-06-15 09:58:49', '2019-06-15 09:58:49'),
(267, 21, 'Dr. Marina Conn V', 'Deserunt consequatur qui molestias eaque ducimus sapiente voluptas aut. A nulla molestiae laborum nobis laboriosam qui magni. Quod reprehenderit iure natus. Dolorum nemo veniam qui autem neque. Debitis iure ut necessitatibus dolorum.', 3, '2019-06-15 09:58:49', '2019-06-15 09:58:49'),
(268, 14, 'Mr. Mathias Turcotte PhD', 'Magnam numquam maxime et corporis quod hic vitae. Dolores deleniti natus eum. Hic repudiandae et quos ut.', 3, '2019-06-15 09:58:49', '2019-06-15 09:58:49'),
(269, 47, 'Mr. Mckenzie Aufderhar', 'Consequatur pariatur odit ab qui ratione. Iste ut quis dignissimos aut explicabo.', 1, '2019-06-15 09:58:49', '2019-06-15 09:58:49'),
(270, 30, 'Mrs. Trinity Satterfield', 'Animi laborum neque similique. Ipsum numquam cumque dolore aut mollitia omnis placeat. Et cupiditate minima delectus voluptatem magni dolorem.', 3, '2019-06-15 09:58:49', '2019-06-15 09:58:49'),
(271, 5, 'Rogelio Morissette', 'Et odit omnis omnis sint. Velit ut enim eaque quibusdam aliquid culpa quibusdam. Quis unde sint qui dolor ullam minus quia.', 0, '2019-06-15 09:58:49', '2019-06-15 09:58:49'),
(272, 41, 'Kailyn Kulas', 'Consequatur facere rem similique dolorum vitae. Et ducimus veritatis dolor illo dolorem sed et explicabo. Tenetur illo natus dicta vitae numquam ut.', 5, '2019-06-15 09:58:49', '2019-06-15 09:58:49'),
(273, 19, 'Estevan Buckridge', 'Cumque commodi optio fugiat suscipit pariatur in aspernatur. Ea ea aut est ea hic quae. Dolorem eum nulla possimus est. Sit et est esse harum accusantium culpa minus.', 2, '2019-06-15 09:58:49', '2019-06-15 09:58:49'),
(274, 6, 'Gwen Durgan', 'Dignissimos nobis nostrum provident pariatur totam voluptates est vel. Quia est aut quae nam dolorum. Aut quaerat quidem autem.', 4, '2019-06-15 09:58:49', '2019-06-15 09:58:49'),
(275, 5, 'Mrs. Juliana Raynor Jr.', 'Odio sed voluptate voluptatem soluta ex. Dolor dolorem pariatur dolores autem. Minus consequatur placeat aut voluptas qui.', 5, '2019-06-15 09:58:49', '2019-06-15 09:58:49'),
(276, 40, 'Ms. Felicity Walter', 'Sed quod eum rerum in. Qui rem ut est. Velit facere dolorem optio consequuntur sapiente. Sint ut id sunt voluptas debitis.', 2, '2019-06-15 09:58:49', '2019-06-15 09:58:49'),
(277, 26, 'Neal Schiller', 'Ratione iusto error eius quo aut. Ad vitae cumque nihil ut rerum facilis.', 2, '2019-06-15 09:58:49', '2019-06-15 09:58:49'),
(278, 5, 'Noel Jacobson', 'Deleniti voluptatem explicabo aspernatur sint. Et ut omnis id ea. Cumque repudiandae saepe ea illum. Aliquid et ducimus aut aut facilis quas reiciendis assumenda.', 5, '2019-06-15 09:58:49', '2019-06-15 09:58:49'),
(279, 44, 'Karlie Murphy', 'Similique nobis qui magnam deserunt. Esse eos dignissimos sunt consequuntur eum. Qui praesentium sunt quos ut. A assumenda sint dolor iste porro.', 4, '2019-06-15 09:58:49', '2019-06-15 09:58:49'),
(280, 15, 'Mr. Jamarcus Hyatt', 'Ullam laborum harum animi quam officia. Sequi ratione dolores et omnis. Sit distinctio nostrum beatae minus itaque.', 4, '2019-06-15 09:58:49', '2019-06-15 09:58:49'),
(281, 32, 'Manuel Marks', 'Velit vel maxime eos maxime. Dicta sed consectetur voluptatum autem dolores qui.', 0, '2019-06-15 09:58:49', '2019-06-15 09:58:49'),
(282, 49, 'Ariane Kuvalis', 'Blanditiis possimus ea laboriosam. Eius placeat assumenda libero est eos odit. Dolores reiciendis neque commodi quibusdam id rerum id dolorem.', 0, '2019-06-15 09:58:49', '2019-06-15 09:58:49'),
(283, 10, 'Elyssa Schumm II', 'Adipisci doloremque eveniet quia ex voluptatem natus ipsa. At beatae dolor deserunt.', 0, '2019-06-15 09:58:49', '2019-06-15 09:58:49'),
(284, 10, 'Marina McDermott', 'Repellat qui sunt repellat. Sequi aperiam quam velit et et architecto ut. Laboriosam sit aut similique quaerat enim.', 0, '2019-06-15 09:58:49', '2019-06-15 09:58:49'),
(285, 6, 'Rozella Kassulke I', 'Explicabo explicabo in deserunt aut sint beatae aliquid. Quis sit dolores dolores ea quaerat. Et necessitatibus voluptatibus neque quia molestiae impedit. Quam aut velit beatae magnam.', 0, '2019-06-15 09:58:49', '2019-06-15 09:58:49'),
(286, 12, 'Charity Hauck', 'Aut sapiente facilis inventore quia iure. Minima minima nihil officia consequatur ut quos et.', 4, '2019-06-15 09:58:49', '2019-06-15 09:58:49'),
(287, 27, 'Cecelia Fritsch', 'Exercitationem dolores qui soluta possimus aut pariatur. Tempore id maiores dolorem omnis ut. Eos omnis labore sed provident quo eius delectus. Cupiditate animi dolorem et aliquid ut.', 3, '2019-06-15 09:58:49', '2019-06-15 09:58:49'),
(288, 21, 'Thaddeus Kunde', 'Nostrum et officia et qui et molestiae explicabo. Deleniti aut id quia esse provident quia. Ea sit ratione sed beatae ut enim sint quae.', 5, '2019-06-15 09:58:49', '2019-06-15 09:58:49'),
(289, 48, 'Lelia Torp', 'Unde nam voluptatem non aliquam. Rerum possimus beatae nesciunt non tempore aut libero. Quis voluptas nostrum nulla voluptas. Doloribus ex quam eos et voluptatem est.', 3, '2019-06-15 09:58:49', '2019-06-15 09:58:49'),
(290, 9, 'Junior Mayert', 'Deleniti sed et eaque est impedit animi. Et est voluptate laudantium aut velit. Ipsum quod eum quam. Incidunt quia voluptatem est non et non. Excepturi et totam corrupti exercitationem dolores veniam eius.', 1, '2019-06-15 09:58:49', '2019-06-15 09:58:49'),
(291, 38, 'Miss Pasquale Lindgren III', 'Deleniti nam dolores quo optio culpa sit. Porro nisi soluta minus voluptatum dolore aliquid. Quasi mollitia quia doloremque quam ea enim distinctio fugiat. Ratione sint iste quaerat dolorem odio aliquid voluptatem saepe.', 0, '2019-06-15 09:58:49', '2019-06-15 09:58:49'),
(292, 11, 'Mr. Clement Swift PhD', 'Magnam vero laudantium magnam quia nobis dolor. Maxime autem omnis harum in sunt. Reiciendis deserunt voluptatem quia consequuntur eum perspiciatis fugit.', 0, '2019-06-15 09:58:49', '2019-06-15 09:58:49'),
(293, 40, 'Jayne Runolfsson', 'Expedita laboriosam odio possimus omnis. Praesentium architecto similique consequatur alias laudantium labore. Enim vitae nostrum rerum odio. Dolorem enim perspiciatis ut enim vel.', 0, '2019-06-15 09:58:49', '2019-06-15 09:58:49'),
(294, 29, 'Macy Murphy', 'Id qui dolorum corporis distinctio ut. Iure dolorem magnam et voluptatem. Ut inventore quo repellat libero illo. Tempore voluptatum esse esse dolorum.', 4, '2019-06-15 09:58:49', '2019-06-15 09:58:49'),
(295, 5, 'Shea O\'Reilly', 'Iusto ut hic quis optio voluptatem accusamus et. Architecto ullam id natus corrupti animi. Sed ducimus ullam sapiente minus nisi et. Accusamus earum sit et excepturi suscipit nam.', 0, '2019-06-15 09:58:49', '2019-06-15 09:58:49'),
(296, 33, 'Prof. Norval Homenick', 'Ut sapiente rem veritatis maxime. Voluptates est inventore officia ex qui illo quis iste. Voluptate consectetur qui alias aut quo. Ut et dolore alias non vel error.', 1, '2019-06-15 09:58:49', '2019-06-15 09:58:49'),
(297, 9, 'Lacey Schinner', 'Dolorum magnam voluptatibus qui iusto. Veniam autem perferendis velit quod. A voluptatem similique asperiores dolorem asperiores ut sit fugit. Quos error tempora id corporis in vel necessitatibus. Voluptas ducimus qui officia ut rem autem.', 5, '2019-06-15 09:58:49', '2019-06-15 09:58:49'),
(298, 7, 'Alexis Stanton', 'Repellat voluptas est laborum atque animi voluptatem illum esse. Suscipit vel velit vel dicta maiores dignissimos nemo. Porro possimus id nulla sint sit culpa.', 2, '2019-06-15 09:58:49', '2019-06-15 09:58:49'),
(299, 17, 'Mr. Monty Cartwright III', 'Placeat accusamus ducimus harum et eius voluptates est omnis. Deserunt minima omnis minus rerum in aut fugiat quo. Sunt sed ut consectetur accusamus libero illo nobis. Eligendi molestias blanditiis excepturi rerum.', 5, '2019-06-15 09:58:49', '2019-06-15 09:58:49'),
(300, 39, 'Axel Aufderhar', 'Commodi ipsum dolor autem facere deleniti qui. Minima quae et itaque est. Illo tempore aliquid et ut assumenda voluptatem nam. Temporibus occaecati accusantium est occaecati corrupti.', 4, '2019-06-15 09:58:49', '2019-06-15 09:58:49');

-- --------------------------------------------------------

--
-- Table structure for table `users`
--

CREATE TABLE `users` (
  `id` bigint(20) UNSIGNED NOT NULL,
  `name` varchar(191) COLLATE utf8mb4_unicode_ci NOT NULL,
  `email` varchar(191) COLLATE utf8mb4_unicode_ci NOT NULL,
  `email_verified_at` timestamp NULL DEFAULT NULL,
  `password` varchar(191) COLLATE utf8mb4_unicode_ci NOT NULL,
  `remember_token` varchar(100) COLLATE utf8mb4_unicode_ci DEFAULT NULL,
  `created_at` timestamp NULL DEFAULT NULL,
  `updated_at` timestamp NULL DEFAULT NULL
) ENGINE=InnoDB DEFAULT CHARSET=utf8mb4 COLLATE=utf8mb4_unicode_ci;

--
-- Indexes for dumped tables
--

--
-- Indexes for table `migrations`
--
ALTER TABLE `migrations`
  ADD PRIMARY KEY (`id`);

--
-- Indexes for table `password_resets`
--
ALTER TABLE `password_resets`
  ADD KEY `password_resets_email_index` (`email`);

--
-- Indexes for table `products`
--
ALTER TABLE `products`
  ADD PRIMARY KEY (`id`);

--
-- Indexes for table `reviews`
--
ALTER TABLE `reviews`
  ADD PRIMARY KEY (`id`),
  ADD KEY `reviews_product_id_index` (`product_id`);

--
-- Indexes for table `users`
--
ALTER TABLE `users`
  ADD PRIMARY KEY (`id`),
  ADD UNIQUE KEY `users_email_unique` (`email`);

--
-- AUTO_INCREMENT for dumped tables
--

--
-- AUTO_INCREMENT for table `migrations`
--
ALTER TABLE `migrations`
  MODIFY `id` int(10) UNSIGNED NOT NULL AUTO_INCREMENT, AUTO_INCREMENT=5;

--
-- AUTO_INCREMENT for table `products`
--
ALTER TABLE `products`
  MODIFY `id` bigint(20) UNSIGNED NOT NULL AUTO_INCREMENT, AUTO_INCREMENT=51;

--
-- AUTO_INCREMENT for table `reviews`
--
ALTER TABLE `reviews`
  MODIFY `id` bigint(20) UNSIGNED NOT NULL AUTO_INCREMENT, AUTO_INCREMENT=301;

--
-- AUTO_INCREMENT for table `users`
--
ALTER TABLE `users`
  MODIFY `id` bigint(20) UNSIGNED NOT NULL AUTO_INCREMENT;

--
-- Constraints for dumped tables
--

--
-- Constraints for table `reviews`
--
ALTER TABLE `reviews`
  ADD CONSTRAINT `reviews_product_id_foreign` FOREIGN KEY (`product_id`) REFERENCES `products` (`id`) ON DELETE CASCADE;
COMMIT;

/*!40101 SET CHARACTER_SET_CLIENT=@OLD_CHARACTER_SET_CLIENT */;
/*!40101 SET CHARACTER_SET_RESULTS=@OLD_CHARACTER_SET_RESULTS */;
/*!40101 SET COLLATION_CONNECTION=@OLD_COLLATION_CONNECTION */;
